episode,opponent,learner_won,winner,reward_learner,epsilon
1,frozen,0,1,-0.012,0.995
2,random,0,0,-0.006,0.990025
3,minimax,0,1,-0.008,0.985075
4,self,1,0,0.988,0.98015
5,frozen,1,0,0.989,0.975249
6,frozen,1,0,0.986,0.970373
7,heuristic,0,1,-0.002,0.965521
8,heuristic,0,1,-0.003,0.960693
9,frozen,1,1,0.993,0.95589
10,self,1,1,0.987,0.95111
11,frozen,1,1,0.989,0.946355
12,frozen,0,1,-0.01,0.941623
13,heuristic,0,0,-0.002,0.936915
14,random,0,1,-0.009,0.93223
15,random,1,1,0.988,0.927569
16,heuristic,0,0,-0.008,0.922931
17,minimax,0,1,-0.005,0.918316
18,frozen,1,1,0.989,0.913725
19,frozen,1,1,0.987,0.909156
20,frozen,1,0,0.989,0.90461
21,frozen,1,0,0.994,0.900087
22,minimax,0,1,-0.008,0.895587
23,frozen,1,1,0.992,0.891109
24,heuristic,0,0,-0.005,0.886654
25,minimax,0,1,-0.003,0.88222
26,random,0,0,-0.008,0.877809
27,frozen,0,0,-0.009,0.87342
28,heuristic,0,0,-0.007,0.869053
29,random,1,0,0.99,0.864708
30,minimax,0,0,-0.005,0.860384
31,self,1,1,0.986,0.856082
32,random,1,0,0.992,0.851802
33,frozen,0,0,-0.013,0.847543
34,frozen,0,1,-0.011,0.843305
35,minimax,0,1,-0.006,0.839089
36,frozen,1,0,0.992,0.834893
37,minimax,0,1,-0.01,0.830719
38,frozen,0,1,-0.008,0.826565
39,self,1,1,0.989,0.822432
40,minimax,0,1,-0.001,0.81832
41,frozen,0,1,-0.011,0.814229
42,random,0,1,-0.009,0.810157
43,frozen,1,1,0.989,0.806107
44,frozen,0,0,-0.01,0.802076
45,frozen,1,1,0.988,0.798066
46,self,0,0,-0.011,0.794075
47,frozen,0,1,-0.011,0.790105
48,heuristic,0,0,-0.006,0.786154
49,frozen,1,1,0.987,0.782224
50,frozen,1,0,0.989,0.778313
51,random,1,1,0.988,0.774421
52,self,0,0,-0.009,0.770549
53,self,0,0,-0.014,0.766696
54,frozen,1,0,0.989,0.762863
55,frozen,1,0,0.99,0.759048
56,self,1,1,0.991,0.755253
57,self,1,0,0.989,0.751477
58,random,0,0,-0.012,0.747719
59,frozen,0,0,-0.011,0.743981
60,minimax,0,0,-0.004,0.740261
61,self,0,1,-0.01,0.73656
62,frozen,1,1,0.988,0.732877
63,minimax,0,1,-0.008,0.729212
64,self,1,0,0.987,0.725566
65,random,1,1,0.99,0.721939
66,minimax,0,0,-0.004,0.718329
67,random,0,0,-0.013,0.714737
68,heuristic,0,0,-0.002,0.711164
69,self,1,0,0.989,0.707608
70,frozen,1,0,0.99,0.70407
71,random,0,0,-0.012,0.700549
72,frozen,0,1,-0.011,0.697047
73,frozen,0,1,-0.012,0.693561
74,random,1,0,0.989,0.690094
75,frozen,0,0,-0.013,0.686643
76,self,0,1,-0.013,0.68321
77,self,1,0,0.986,0.679794
78,self,1,1,0.989,0.676395
79,random,1,0,0.991,0.673013
80,self,1,0,0.991,0.669648
81,frozen,0,1,-0.01,0.6663
82,minimax,0,1,-0.005,0.662968
83,frozen,0,0,-0.012,0.659653
84,self,1,1,0.989,0.656355
85,random,0,1,-0.012,0.653073
86,heuristic,0,0,-0.004,0.649808
87,frozen,0,0,-0.012,0.646559
88,self,0,0,-0.012,0.643326
89,self,1,1,0.987,0.640109
90,self,0,1,-0.013,0.636909
91,frozen,1,0,0.987,0.633724
92,minimax,0,0,-0.003,0.630556
93,heuristic,0,0,-0.007,0.627403
94,minimax,0,0,-0.007,0.624266
95,random,0,0,-0.011,0.621145
96,frozen,0,1,-0.01,0.618039
97,random,0,0,-0.009,0.614949
98,frozen,1,1,0.987,0.611874
99,minimax,0,0,-0.008,0.608815
100,frozen,1,1,0.991,0.60577
101,minimax,0,0,-0.004,0.602742
102,frozen,1,0,0.992,0.599728
103,heuristic,0,0,-0.003,0.596729
104,frozen,0,1,-0.01,0.593746
105,self,1,0,0.986,0.590777
106,frozen,1,0,0.992,0.587823
107,minimax,0,0,-0.005,0.584884
108,self,1,0,0.987,0.581959
109,frozen,0,1,-0.012,0.57905
110,minimax,0,1,-0.004,0.576154
111,heuristic,0,1,-0.005,0.573274
112,frozen,0,0,-0.012,0.570407
113,frozen,1,1,0.985,0.567555
114,minimax,0,1,-0.002,0.564717
115,frozen,0,1,-0.01,0.561894
116,heuristic,0,0,-0.003,0.559084
117,heuristic,0,1,-0.003,0.556289
118,frozen,0,0,-0.011,0.553508
119,frozen,1,1,0.986,0.55074
120,heuristic,0,1,-0.002,0.547986
121,frozen,1,0,0.987,0.545246
122,frozen,0,0,-0.011,0.54252
123,frozen,1,0,0.987,0.539808
124,random,0,0,-0.013,0.537108
125,frozen,0,1,-0.013,0.534423
126,random,1,0,0.991,0.531751
127,frozen,0,1,-0.015,0.529092
128,self,0,0,-0.012,0.526447
129,random,0,0,-0.014,0.523814
130,self,1,0,0.988,0.521195
131,heuristic,0,1,-0.008,0.518589
132,self,0,0,-0.015,0.515996
133,heuristic,1,1,0.997,0.513416
134,minimax,0,0,-0.005,0.510849
135,self,0,1,-0.016,0.508295
136,self,1,0,0.987,0.505754
137,heuristic,0,0,-0.009,0.503225
138,minimax,0,0,-0.002,0.500709
139,minimax,0,0,-0.01,0.498205
140,minimax,0,1,-0.004,0.495714
141,random,1,0,0.989,0.493236
142,frozen,1,0,0.99,0.490769
143,random,0,1,-0.011,0.488316
144,minimax,0,0,-0.005,0.485874
145,self,1,1,0.995,0.483445
146,frozen,1,0,0.989,0.481027
147,self,0,0,-0.014,0.478622
148,self,1,0,0.991,0.476229
149,self,0,0,-0.012,0.473848
150,heuristic,0,0,-0.007,0.471479
151,minimax,0,0,-0.004,0.469121
152,heuristic,0,1,-0.002,0.466776
153,heuristic,0,0,-0.004,0.464442
154,frozen,1,0,0.989,0.46212
155,heuristic,0,1,-0.004,0.459809
156,random,0,1,-0.007,0.45751
157,self,0,0,-0.013,0.455222
158,self,1,1,0.985,0.452946
159,self,1,1,0.988,0.450682
160,self,0,1,-0.015,0.448428
161,random,1,1,0.988,0.446186
162,frozen,0,1,-0.015,0.443955
163,frozen,0,1,-0.014,0.441735
164,frozen,1,0,0.99,0.439527
165,frozen,1,1,0.996,0.437329
166,self,0,0,-0.015,0.435142
167,self,0,0,-0.016,0.432967
168,minimax,0,0,-0.008,0.430802
169,frozen,1,1,0.985,0.428648
170,frozen,1,1,0.99,0.426505
171,frozen,1,0,0.99,0.424372
172,random,0,1,-0.01,0.42225
173,frozen,1,0,0.986,0.420139
174,random,1,0,0.986,0.418038
175,heuristic,0,0,-0.008,0.415948
176,minimax,0,0,-0.005,0.413868
177,random,0,0,-0.013,0.411799
178,frozen,1,0,0.985,0.40974
179,heuristic,1,1,0.996,0.407691
180,self,1,0,0.986,0.405653
181,self,1,0,0.987,0.403625
182,frozen,0,1,-0.016,0.401606
183,minimax,0,1,-0.007,0.399598
184,minimax,0,1,-0.002,0.3976
185,self,1,1,0.987,0.395612
186,frozen,1,1,0.991,0.393634
187,frozen,0,1,-0.016,0.391666
188,random,0,1,-0.011,0.389708
189,heuristic,0,1,-0.004,0.387759
190,frozen,1,0,0.986,0.385821
191,random,1,1,0.991,0.383891
192,frozen,0,1,-0.015,0.381972
193,minimax,0,1,-0.004,0.380062
194,self,1,0,0.991,0.378162
195,minimax,0,0,-0.006,0.376271
196,random,1,0,0.989,0.37439
197,random,1,0,0.986,0.372518
198,frozen,1,0,0.99,0.370655
199,minimax,0,1,-0.002,0.368802
200,minimax,0,0,-0.008,0.366958
201,frozen,1,1,0.994,0.365123
202,heuristic,0,0,-0.004,0.363297
203,heuristic,1,1,0.995,0.361481
204,minimax,0,1,-0.007,0.359674
205,self,0,0,-0.013,0.357875
206,frozen,1,0,0.986,0.356086
207,frozen,1,0,0.985,0.354305
208,frozen,0,1,-0.015,0.352534
209,heuristic,0,1,-0.004,0.350771
210,minimax,0,0,-0.008,0.349017
211,self,1,0,0.985,0.347272
212,frozen,1,0,0.985,0.345536
213,minimax,0,0,-0.006,0.343808
214,random,1,0,0.989,0.342089
215,heuristic,0,0,-0.008,0.340379
216,frozen,1,0,0.985,0.338677
217,frozen,0,0,-0.01,0.336983
218,self,1,0,0.993,0.335298
219,minimax,0,0,-0.006,0.333622
220,random,0,1,-0.011,0.331954
221,random,0,1,-0.012,0.330294
222,minimax,0,1,-0.01,0.328643
223,frozen,0,0,-0.012,0.326999
224,heuristic,0,0,-0.002,0.325364
225,self,0,1,-0.004,0.323738
226,frozen,1,0,0.987,0.322119
227,self,0,1,-0.013,0.320508
228,frozen,1,1,0.993,0.318906
229,heuristic,0,1,-0.004,0.317311
230,minimax,0,1,-0.002,0.315725
231,frozen,0,0,-0.006,0.314146
232,frozen,0,1,-0.014,0.312575
233,minimax,0,1,-0.005,0.311012
234,self,1,1,0.987,0.309457
235,random,0,0,-0.015,0.30791
236,frozen,1,0,0.993,0.306371
237,heuristic,0,0,-0.007,0.304839
238,frozen,1,1,0.993,0.303315
239,self,0,0,-0.015,0.301798
240,frozen,1,1,0.986,0.300289
241,random,0,1,-0.014,0.298788
242,frozen,1,0,0.991,0.297294
243,random,0,0,-0.011,0.295807
244,minimax,0,0,-0.007,0.294328
245,heuristic,0,0,-0.002,0.292856
246,heuristic,0,0,-0.003,0.291392
247,minimax,0,1,-0.002,0.289935
248,heuristic,0,0,-0.007,0.288486
249,self,0,0,-0.014,0.287043
250,frozen,1,1,0.986,0.285608
251,self,1,0,0.991,0.28418
252,frozen,1,1,0.985,0.282759
253,frozen,1,1,0.989,0.281345
254,self,1,1,0.99,0.279938
255,frozen,1,1,0.985,0.278539
256,frozen,1,0,0.985,0.277146
257,frozen,1,1,0.984,0.27576
258,random,0,1,-0.011,0.274382
259,frozen,0,0,-0.012,0.27301
260,frozen,0,0,-0.008,0.271645
261,frozen,0,0,-0.016,0.270286
262,frozen,0,1,-0.009,0.268935
263,minimax,0,1,-0.003,0.26759
264,frozen,0,1,-0.012,0.266252
265,frozen,0,0,-0.014,0.264921
266,heuristic,1,0,0.996,0.263596
267,frozen,1,1,0.989,0.262278
268,frozen,0,1,-0.014,0.260967
269,self,0,0,-0.011,0.259662
270,frozen,1,0,0.986,0.258364
271,random,0,1,-0.009,0.257072
272,frozen,0,1,-0.014,0.255787
273,self,0,1,-0.017,0.254508
274,frozen,1,0,0.99,0.253235
275,heuristic,0,0,-0.007,0.251969
276,frozen,1,0,0.988,0.250709
277,frozen,0,0,-0.014,0.249456
278,self,1,1,0.985,0.248208
279,self,1,1,0.985,0.246967
280,heuristic,0,1,-0.004,0.245733
281,heuristic,0,0,-0.003,0.244504
282,random,0,0,-0.01,0.243281
283,frozen,0,0,-0.014,0.242065
284,frozen,1,0,0.984,0.240855
285,frozen,0,1,-0.01,0.23965
286,random,0,1,-0.011,0.238452
287,self,0,0,-0.016,0.23726
288,self,1,1,0.995,0.236074
289,minimax,0,0,-0.004,0.234893
290,minimax,0,0,-0.005,0.233719
291,frozen,0,0,-0.016,0.23255
292,random,1,1,0.987,0.231387
293,minimax,0,1,-0.002,0.23023
294,minimax,0,1,-0.002,0.229079
295,heuristic,0,1,-0.007,0.227934
296,heuristic,0,1,-0.007,0.226794
297,frozen,1,1,0.987,0.22566
298,minimax,0,0,-0.004,0.224532
299,self,0,0,-0.012,0.223409
300,frozen,1,0,0.992,0.222292
301,heuristic,0,0,-0.005,0.221181
302,frozen,1,1,0.989,0.220075
303,heuristic,1,0,0.995,0.218974
304,random,0,0,-0.011,0.21788
305,minimax,0,0,-0.01,0.21679
306,self,0,0,-0.015,0.215706
307,frozen,1,0,0.991,0.214628
308,frozen,0,0,-0.015,0.213555
309,heuristic,0,1,-0.004,0.212487
310,frozen,1,1,0.985,0.211424
311,self,1,0,0.986,0.210367
312,random,1,1,0.986,0.209315
313,frozen,0,1,-0.014,0.208269
314,minimax,0,1,-0.003,0.207227
315,heuristic,0,1,-0.005,0.206191
316,minimax,0,1,-0.002,0.20516
317,self,0,1,-0.014,0.204135
318,frozen,1,0,0.986,0.203114
319,frozen,1,1,0.989,0.202098
320,frozen,1,0,0.989,0.201088
321,random,0,0,-0.009,0.200082
322,self,1,1,0.988,0.199082
323,heuristic,0,0,-0.005,0.198087
324,minimax,0,0,-0.007,0.197096
325,heuristic,0,1,-0.007,0.196111
326,random,1,0,0.992,0.19513
327,frozen,0,1,-0.014,0.194154
328,self,1,0,0.991,0.193184
329,frozen,1,1,0.985,0.192218
330,minimax,0,1,-0.009,0.191257
331,frozen,1,1,0.996,0.1903
332,random,1,1,0.989,0.189349
333,frozen,0,0,-0.013,0.188402
334,random,1,0,0.987,0.18746
335,self,0,0,-0.009,0.186523
336,minimax,0,1,-0.008,0.18559
337,frozen,0,1,-0.013,0.184662
338,frozen,1,1,0.986,0.183739
339,self,0,1,-0.016,0.18282
340,frozen,1,0,0.99,0.181906
341,random,0,1,-0.004,0.180997
342,random,0,1,-0.011,0.180092
343,frozen,0,1,-0.014,0.179191
344,minimax,0,1,-0.001,0.178295
345,random,1,0,0.987,0.177404
346,frozen,1,1,0.988,0.176517
347,heuristic,0,0,-0.008,0.175634
348,minimax,0,1,-0.003,0.174756
349,minimax,0,1,-0.001,0.173882
350,self,1,0,0.986,0.173013
351,frozen,0,0,-0.014,0.172148
352,frozen,1,0,0.987,0.171287
353,random,0,1,-0.007,0.170431
354,minimax,0,1,-0.004,0.169578
355,frozen,0,0,-0.012,0.168731
356,self,1,1,0.995,0.167887
357,heuristic,0,0,-0.007,0.167047
358,heuristic,0,1,-0.006,0.166212
359,minimax,0,0,-0.007,0.165381
360,self,1,0,0.984,0.164554
361,self,1,1,0.986,0.163731
362,minimax,0,1,-0.007,0.162913
363,frozen,0,1,-0.016,0.162098
364,frozen,1,1,0.986,0.161288
365,minimax,0,0,-0.011,0.160481
366,self,1,1,0.985,0.159679
367,minimax,0,1,-0.01,0.158881
368,minimax,0,0,-0.007,0.158086
369,heuristic,0,1,-0.005,0.157296
370,heuristic,0,0,-0.005,0.156509
371,minimax,0,0,-0.002,0.155727
372,minimax,0,1,-0.011,0.154948
373,frozen,0,0,-0.01,0.154173
374,self,0,1,-0.013,0.153402
375,self,1,0,0.99,0.152635
376,minimax,0,1,-0.012,0.151872
377,frozen,1,0,0.985,0.151113
378,self,0,0,-0.016,0.150357
379,heuristic,0,0,-0.015,0.149606
380,frozen,0,1,-0.013,0.148857
381,frozen,0,1,-0.017,0.148113
382,self,1,1,0.993,0.147373
383,self,0,0,-0.013,0.146636
384,frozen,1,0,0.985,0.145903
385,frozen,1,1,0.986,0.145173
386,minimax,0,0,-0.008,0.144447
387,random,1,1,0.99,0.143725
388,random,1,1,0.99,0.143006
389,frozen,0,0,-0.008,0.142291
390,self,1,1,0.985,0.14158
391,self,1,1,0.984,0.140872
392,frozen,0,1,-0.014,0.140168
393,frozen,0,0,-0.007,0.139467
394,self,1,1,0.987,0.138769
395,frozen,1,0,0.988,0.138076
396,frozen,1,0,0.986,0.137385
397,heuristic,0,0,-0.004,0.136698
398,heuristic,0,0,-0.003,0.136015
399,self,1,1,0.99,0.135335
400,minimax,0,1,-0.005,0.134658
401,heuristic,0,0,-0.003,0.133985
402,heuristic,0,1,-0.005,0.133315
403,random,1,0,0.989,0.132648
404,minimax,0,0,-0.004,0.131985
405,frozen,1,0,0.996,0.131325
406,self,1,1,0.991,0.130668
407,minimax,0,0,-0.005,0.130015
408,self,1,0,0.985,0.129365
409,minimax,0,0,-0.008,0.128718
410,heuristic,0,0,-0.008,0.128075
411,self,0,1,-0.014,0.127434
412,frozen,1,1,0.986,0.126797
413,self,1,1,0.986,0.126163
414,frozen,1,0,0.987,0.125532
415,random,1,0,0.988,0.124905
416,frozen,0,1,-0.007,0.12428
417,self,0,0,-0.014,0.123659
418,frozen,0,1,-0.016,0.12304
419,frozen,0,1,-0.016,0.122425
420,heuristic,0,1,-0.006,0.121813
421,self,0,0,-0.006,0.121204
422,frozen,1,0,0.988,0.120598
423,self,0,0,-0.016,0.119995
424,minimax,0,1,-0.012,0.119395
425,random,1,1,0.991,0.118798
426,frozen,1,0,0.986,0.118204
427,minimax,0,1,-0.014,0.117613
428,random,0,0,-0.016,0.117025
429,self,0,0,-0.016,0.11644
430,frozen,1,0,0.989,0.115858
431,self,1,1,0.988,0.115278
432,frozen,1,0,0.987,0.114702
433,minimax,0,0,-0.003,0.114128
434,frozen,0,0,-0.012,0.113558
435,minimax,0,1,-0.01,0.11299
436,self,0,1,-0.017,0.112425
437,heuristic,0,1,-0.004,0.111863
438,frozen,1,0,0.985,0.111304
439,frozen,0,0,-0.012,0.110747
440,frozen,0,0,-0.016,0.110193
441,random,1,1,0.988,0.109642
442,self,0,1,-0.015,0.109094
443,frozen,1,1,0.986,0.108549
444,frozen,0,1,-0.014,0.108006
445,heuristic,0,0,-0.006,0.107466
446,minimax,0,0,-0.001,0.106929
447,frozen,1,1,0.985,0.106394
448,random,1,0,0.986,0.105862
449,self,1,0,0.984,0.105333
450,frozen,1,0,0.984,0.104806
451,random,1,1,0.987,0.104282
452,heuristic,0,1,-0.003,0.103761
453,heuristic,0,1,-0.003,0.103242
454,random,0,0,-0.012,0.102726
455,random,1,0,0.987,0.102212
456,minimax,0,1,-0.006,0.101701
457,random,1,0,0.991,0.101192
458,heuristic,0,1,-0.007,0.100686
459,minimax,0,0,-0.003,0.100183
460,random,0,0,-0.011,0.099682
461,heuristic,0,1,-0.004,0.099184
462,frozen,1,1,0.988,0.098688
463,frozen,1,1,0.993,0.098194
464,self,0,0,-0.015,0.097703
465,frozen,1,0,0.995,0.097215
466,random,1,0,0.986,0.096729
467,random,1,1,0.989,0.096245
468,self,0,1,-0.017,0.095764
469,self,0,1,-0.015,0.095285
470,frozen,0,1,-0.017,0.094809
471,frozen,1,1,0.984,0.094335
472,frozen,0,1,-0.014,0.093863
473,frozen,1,0,0.987,0.093394
474,self,0,0,-0.016,0.092927
475,self,0,1,-0.016,0.092462
476,frozen,1,1,0.994,0.092
477,frozen,0,0,-0.01,0.09154
478,random,0,0,-0.012,0.091082
479,minimax,0,1,-0.011,0.090627
480,minimax,0,0,-0.002,0.090173
481,heuristic,0,1,-0.003,0.089723
482,minimax,0,1,-0.005,0.089274
483,heuristic,0,0,-0.009,0.088828
484,frozen,0,1,-0.008,0.088383
485,frozen,0,0,-0.016,0.087942
486,minimax,0,0,-0.001,0.087502
487,self,0,0,-0.015,0.087064
488,minimax,0,1,-0.003,0.086629
489,minimax,0,0,-0.004,0.086196
490,random,0,1,-0.013,0.085765
491,frozen,0,0,-0.014,0.085336
492,frozen,0,1,-0.004,0.084909
493,minimax,0,0,-0.005,0.084485
494,self,0,0,-0.016,0.084062
495,self,1,0,0.997,0.083642
496,self,1,1,0.988,0.083224
497,heuristic,0,0,-0.007,0.082808
498,heuristic,0,1,-0.008,0.082394
499,self,0,1,-0.013,0.081982
500,frozen,0,0,-0.016,0.081572
501,random,1,1,0.989,0.081164
502,minimax,0,1,-0.01,0.080758
503,heuristic,0,0,-0.004,0.080354
504,frozen,1,0,0.994,0.079953
505,frozen,0,1,-0.016,0.079553
506,minimax,0,0,-0.003,0.079155
507,frozen,1,1,0.99,0.078759
508,heuristic,1,1,0.991,0.078366
509,self,0,0,-0.01,0.077974
510,frozen,0,0,-0.013,0.077584
511,random,0,1,-0.015,0.077196
512,random,0,1,-0.013,0.07681
513,frozen,1,0,0.989,0.076426
514,minimax,0,1,-0.014,0.076044
515,random,1,0,0.988,0.075664
516,frozen,0,1,-0.012,0.075285
517,frozen,1,0,0.993,0.074909
518,heuristic,0,1,-0.004,0.074534
519,random,0,1,-0.013,0.074162
520,frozen,0,0,-0.016,0.073791
521,heuristic,0,1,-0.003,0.073422
522,self,0,0,-0.015,0.073055
523,frozen,0,1,-0.016,0.072689
524,frozen,1,1,0.989,0.072326
525,minimax,0,1,-0.006,0.071964
526,random,1,1,0.988,0.071605
527,minimax,0,0,-0.007,0.071247
528,random,1,0,0.99,0.07089
529,frozen,1,0,0.985,0.070536
530,self,1,1,0.991,0.070183
531,self,0,0,-0.011,0.069832
532,random,0,1,-0.012,0.069483
533,random,0,0,-0.009,0.069136
534,random,1,0,0.987,0.06879
535,self,1,0,0.985,0.068446
536,minimax,0,1,-0.003,0.068104
537,heuristic,0,1,-0.003,0.067763
538,frozen,0,1,-0.014,0.067424
539,frozen,1,1,0.99,0.067087
540,self,1,0,0.985,0.066752
541,minimax,0,1,-0.014,0.066418
542,random,1,1,0.989,0.066086
543,frozen,0,1,-0.013,0.065756
544,frozen,1,1,0.988,0.065427
545,random,0,0,-0.009,0.0651
546,minimax,0,0,-0.011,0.064774
547,heuristic,0,1,-0.005,0.06445
548,frozen,1,1,0.989,0.064128
549,frozen,0,0,-0.007,0.063807
550,heuristic,0,1,-0.005,0.063488
551,frozen,0,0,-0.016,0.063171
552,self,0,0,-0.005,0.062855
553,frozen,1,1,0.987,0.062541
554,heuristic,0,0,-0.008,0.062228
555,heuristic,0,1,-0.011,0.061917
556,frozen,0,1,-0.015,0.061607
557,frozen,0,1,-0.015,0.061299
558,frozen,0,0,-0.013,0.060993
559,minimax,0,0,-0.003,0.060688
560,heuristic,0,0,-0.004,0.060384
561,frozen,0,1,-0.017,0.060083
562,frozen,0,0,-0.015,0.059782
563,heuristic,0,1,-0.004,0.059483
564,random,1,0,0.988,0.059186
565,heuristic,0,1,-0.009,0.05889
566,self,1,0,0.985,0.058595
567,heuristic,0,0,-0.003,0.058302
568,heuristic,1,0,0.997,0.058011
569,heuristic,0,1,-0.007,0.057721
570,minimax,0,0,-0.003,0.057432
571,self,0,0,-0.005,0.057145
572,frozen,1,1,0.987,0.056859
573,random,0,1,-0.009,0.056575
574,heuristic,0,0,-0.008,0.056292
575,random,0,1,-0.013,0.056011
576,heuristic,1,1,0.995,0.055731
577,frozen,1,1,0.997,0.055452
578,minimax,0,1,-0.005,0.055175
579,minimax,0,0,-0.005,0.054899
580,frozen,1,0,0.985,0.054624
581,random,1,0,0.991,0.054351
582,frozen,0,1,-0.016,0.05408
583,self,1,1,0.985,0.053809
584,minimax,0,0,-0.003,0.05354
585,minimax,0,0,-0.003,0.053272
586,minimax,0,0,-0.002,0.053006
587,self,0,1,-0.012,0.052741
588,self,0,0,-0.016,0.052477
589,frozen,0,1,-0.009,0.052215
590,frozen,0,1,-0.016,0.051954
591,frozen,0,0,-0.012,0.051694
592,random,1,0,0.99,0.051436
593,self,1,0,0.986,0.051178
594,frozen,0,1,-0.016,0.050923
595,heuristic,0,1,-0.003,0.050668
596,random,1,0,0.986,0.050415
597,random,0,0,-0.011,0.050163
598,minimax,0,0,-0.003,0.05
599,heuristic,0,1,-0.003,0.05
600,self,1,0,0.984,0.05
601,minimax,0,0,-0.003,0.05
602,random,1,1,0.987,0.05
603,random,0,1,-0.014,0.05
604,minimax,0,0,-0.004,0.05
605,frozen,0,0,-0.009,0.05
606,minimax,0,1,-0.007,0.05
607,random,0,1,-0.013,0.05
608,minimax,0,0,-0.005,0.05
609,self,0,1,-0.013,0.05
610,self,1,1,0.985,0.05
611,minimax,0,0,-0.006,0.05
612,minimax,0,0,-0.003,0.05
613,frozen,1,0,0.987,0.05
614,minimax,0,0,-0.003,0.05
615,minimax,0,1,-0.006,0.05
616,heuristic,0,0,-0.002,0.05
617,frozen,0,0,-0.014,0.05
618,frozen,1,0,0.986,0.05
619,frozen,1,0,0.985,0.05
620,frozen,1,0,0.99,0.05
621,random,0,1,-0.011,0.05
622,self,1,1,0.987,0.05
623,frozen,1,0,0.985,0.05
624,frozen,1,1,0.987,0.05
625,self,1,0,0.986,0.05
626,frozen,1,0,0.984,0.05
627,minimax,0,1,-0.01,0.05
628,self,0,1,-0.017,0.05
629,frozen,0,0,-0.016,0.05
630,heuristic,0,0,-0.008,0.05
631,minimax,0,0,-0.003,0.05
632,random,1,0,0.989,0.05
633,frozen,0,0,-0.011,0.05
634,frozen,1,1,0.987,0.05
635,random,1,0,0.99,0.05
636,minimax,0,0,-0.003,0.05
637,random,1,0,0.991,0.05
638,frozen,0,1,-0.013,0.05
639,heuristic,0,1,-0.003,0.05
640,frozen,1,1,0.987,0.05
641,frozen,1,0,0.991,0.05
642,frozen,1,1,0.995,0.05
643,random,1,1,0.987,0.05
644,frozen,1,1,0.988,0.05
645,minimax,0,0,-0.005,0.05
646,frozen,0,1,-0.009,0.05
647,self,1,0,0.988,0.05
648,heuristic,0,1,-0.003,0.05
649,heuristic,1,1,0.995,0.05
650,minimax,0,1,-0.003,0.05
651,self,0,1,-0.015,0.05
652,heuristic,0,1,-0.004,0.05
653,frozen,0,1,-0.016,0.05
654,minimax,0,0,-0.003,0.05
655,self,1,1,0.986,0.05
656,self,0,0,-0.015,0.05
657,minimax,0,1,-0.002,0.05
658,heuristic,0,0,-0.006,0.05
659,heuristic,1,1,0.995,0.05
660,frozen,1,1,0.986,0.05
661,frozen,0,1,-0.015,0.05
662,random,0,0,-0.013,0.05
663,frozen,1,1,0.985,0.05
664,frozen,0,0,-0.006,0.05
665,random,1,1,0.99,0.05
666,heuristic,1,0,0.997,0.05
667,random,0,0,-0.011,0.05
668,minimax,0,1,-0.002,0.05
669,heuristic,0,0,-0.006,0.05
670,heuristic,0,1,-0.002,0.05
671,minimax,0,0,-0.003,0.05
672,minimax,0,1,-0.002,0.05
673,random,0,1,-0.011,0.05
674,frozen,0,1,-0.017,0.05
675,frozen,1,0,0.985,0.05
676,frozen,1,0,0.991,0.05
677,frozen,0,1,-0.014,0.05
678,frozen,1,1,0.986,0.05
679,heuristic,0,0,-0.006,0.05
680,random,0,0,-0.011,0.05
681,frozen,1,0,0.985,0.05
682,frozen,0,0,-0.01,0.05
683,minimax,0,1,-0.004,0.05
684,frozen,0,0,-0.014,0.05
685,minimax,0,0,-0.001,0.05
686,self,1,1,0.987,0.05
687,heuristic,0,0,-0.004,0.05
688,heuristic,0,1,-0.002,0.05
689,minimax,0,1,-0.002,0.05
690,frozen,1,1,0.99,0.05
691,frozen,1,1,0.994,0.05
692,minimax,0,0,-0.003,0.05
693,self,0,1,-0.016,0.05
694,frozen,1,1,0.989,0.05
695,frozen,0,0,-0.007,0.05
696,minimax,0,0,-0.003,0.05
697,minimax,0,1,-0.002,0.05
698,heuristic,0,1,-0.002,0.05
699,frozen,1,0,0.989,0.05
700,frozen,0,0,-0.016,0.05
701,heuristic,0,0,-0.005,0.05
702,self,0,1,-0.017,0.05
703,random,1,1,0.987,0.05
704,frozen,1,1,0.988,0.05
705,self,1,0,0.99,0.05
706,frozen,0,0,-0.016,0.05
707,frozen,0,0,-0.016,0.05
708,frozen,1,0,0.989,0.05
709,heuristic,0,0,-0.005,0.05
710,frozen,0,1,-0.017,0.05
711,random,1,1,0.99,0.05
712,heuristic,0,0,-0.01,0.05
713,frozen,0,0,-0.016,0.05
714,self,0,1,-0.016,0.05
715,minimax,0,0,-0.001,0.05
716,heuristic,1,1,0.989,0.05
717,self,1,0,0.987,0.05
718,random,1,0,0.99,0.05
719,frozen,1,0,0.986,0.05
720,minimax,0,1,-0.007,0.05
721,minimax,0,1,-0.013,0.05
722,minimax,0,1,-0.008,0.05
723,frozen,1,0,0.984,0.05
724,self,1,0,0.985,0.05
725,random,1,1,0.991,0.05
726,frozen,1,1,0.986,0.05
727,self,1,1,0.985,0.05
728,self,0,0,-0.015,0.05
729,frozen,0,1,-0.013,0.05
730,minimax,0,1,-0.008,0.05
731,random,1,0,0.987,0.05
732,self,1,0,0.988,0.05
733,self,1,0,0.986,0.05
734,frozen,1,1,0.998,0.05
735,heuristic,0,0,-0.012,0.05
736,heuristic,0,0,-0.007,0.05
737,frozen,1,0,0.987,0.05
738,frozen,0,1,-0.016,0.05
739,random,0,0,-0.015,0.05
740,random,1,1,0.995,0.05
741,minimax,0,0,-0.007,0.05
742,frozen,1,1,0.99,0.05
743,frozen,0,1,-0.016,0.05
744,heuristic,0,0,-0.007,0.05
745,frozen,0,1,-0.015,0.05
746,frozen,0,1,-0.016,0.05
747,random,1,1,0.988,0.05
748,frozen,0,1,-0.017,0.05
749,frozen,0,1,-0.017,0.05
750,random,1,0,0.992,0.05
751,frozen,0,1,-0.015,0.05
752,random,1,1,0.992,0.05
753,frozen,0,1,-0.015,0.05
754,heuristic,1,1,0.992,0.05
755,frozen,0,0,-0.015,0.05
756,heuristic,0,1,-0.004,0.05
757,self,1,0,0.995,0.05
758,minimax,0,0,-0.003,0.05
759,heuristic,0,1,-0.007,0.05
760,heuristic,0,1,-0.003,0.05
761,minimax,0,1,-0.01,0.05
762,self,1,0,0.985,0.05
763,minimax,0,1,-0.003,0.05
764,self,1,1,0.985,0.05
765,heuristic,0,1,-0.005,0.05
766,minimax,0,0,-0.008,0.05
767,self,1,1,0.984,0.05
768,frozen,0,0,-0.016,0.05
769,frozen,0,1,-0.012,0.05
770,self,1,1,0.986,0.05
771,frozen,1,1,0.985,0.05
772,heuristic,0,0,-0.012,0.05
773,heuristic,1,1,0.995,0.05
774,heuristic,0,1,-0.005,0.05
775,frozen,1,1,0.988,0.05
776,heuristic,0,0,-0.008,0.05
777,self,0,0,-0.016,0.05
778,frozen,1,0,0.994,0.05
779,frozen,1,1,0.985,0.05
780,self,0,0,-0.007,0.05
781,frozen,1,1,0.988,0.05
782,frozen,1,0,0.993,0.05
783,minimax,0,0,-0.004,0.05
784,minimax,0,1,-0.005,0.05
785,heuristic,0,1,-0.006,0.05
786,frozen,1,0,0.998,0.05
787,heuristic,0,1,-0.004,0.05
788,frozen,1,0,0.985,0.05
789,heuristic,0,0,-0.008,0.05
790,minimax,0,0,-0.003,0.05
791,heuristic,0,0,-0.004,0.05
792,self,0,0,-0.011,0.05
793,minimax,0,0,-0.001,0.05
794,random,0,0,-0.013,0.05
795,heuristic,0,1,-0.01,0.05
796,random,1,1,0.992,0.05
797,self,0,1,-0.016,0.05
798,minimax,0,0,-0.003,0.05
799,random,1,1,0.989,0.05
800,frozen,0,1,-0.004,0.05
801,heuristic,1,1,0.996,0.05
802,frozen,1,1,0.986,0.05
803,frozen,0,0,-0.012,0.05
804,frozen,0,0,-0.016,0.05
805,heuristic,1,0,0.989,0.05
806,heuristic,1,0,0.997,0.05
807,heuristic,0,0,-0.003,0.05
808,minimax,0,1,-0.002,0.05
809,self,0,1,-0.017,0.05
810,self,1,1,0.985,0.05
811,minimax,0,1,-0.002,0.05
812,frozen,0,1,-0.011,0.05
813,self,1,1,0.993,0.05
814,self,0,0,-0.016,0.05
815,frozen,0,0,-0.008,0.05
816,minimax,0,1,-0.003,0.05
817,frozen,0,0,-0.016,0.05
818,frozen,1,0,0.992,0.05
819,self,1,1,0.987,0.05
820,frozen,0,1,-0.007,0.05
821,random,1,0,0.988,0.05
822,heuristic,0,0,-0.004,0.05
823,random,0,0,-0.011,0.05
824,heuristic,0,0,-0.004,0.05
825,random,1,1,0.989,0.05
826,frozen,1,0,0.984,0.05
827,frozen,1,1,0.986,0.05
828,heuristic,0,0,-0.003,0.05
829,heuristic,0,1,-0.006,0.05
830,random,0,0,-0.014,0.05
831,frozen,0,0,-0.014,0.05
832,frozen,1,1,0.992,0.05
833,self,1,0,0.988,0.05
834,random,1,1,0.992,0.05
835,random,0,1,-0.01,0.05
836,frozen,0,1,-0.016,0.05
837,self,1,1,0.985,0.05
838,self,1,1,0.99,0.05
839,frozen,0,0,-0.014,0.05
840,random,0,0,-0.016,0.05
841,frozen,0,0,-0.01,0.05
842,self,0,0,-0.014,0.05
843,random,1,0,0.987,0.05
844,frozen,0,1,-0.015,0.05
845,random,0,1,-0.01,0.05
846,self,1,0,0.985,0.05
847,random,0,0,-0.012,0.05
848,self,1,0,0.986,0.05
849,frozen,1,1,0.984,0.05
850,heuristic,0,1,-0.005,0.05
851,random,0,1,-0.012,0.05
852,frozen,1,0,0.987,0.05
853,random,0,0,-0.012,0.05
854,frozen,0,1,-0.008,0.05
855,frozen,0,1,-0.012,0.05
856,self,1,1,0.989,0.05
857,self,0,0,-0.007,0.05
858,random,1,0,0.985,0.05
859,frozen,1,1,0.985,0.05
860,random,0,0,-0.014,0.05
861,random,1,1,0.989,0.05
862,random,1,0,0.986,0.05
863,random,1,1,0.987,0.05
864,frozen,1,1,0.988,0.05
865,minimax,0,1,-0.001,0.05
866,frozen,0,1,-0.017,0.05
867,frozen,1,1,0.989,0.05
868,random,1,1,0.99,0.05
869,minimax,0,1,-0.005,0.05
870,heuristic,0,1,-0.004,0.05
871,frozen,0,0,-0.013,0.05
872,self,1,0,0.985,0.05
873,self,0,1,-0.017,0.05
874,self,1,0,0.986,0.05
875,random,1,0,0.987,0.05
876,minimax,0,1,-0.011,0.05
877,frozen,0,1,-0.013,0.05
878,random,1,1,0.992,0.05
879,random,0,1,-0.013,0.05
880,random,1,0,0.99,0.05
881,heuristic,0,1,-0.001,0.05
882,heuristic,0,0,-0.007,0.05
883,self,1,1,0.987,0.05
884,minimax,0,1,-0.001,0.05
885,frozen,0,0,-0.014,0.05
886,self,0,1,-0.001,0.05
887,random,0,1,-0.013,0.05
888,heuristic,0,1,-0.005,0.05
889,frozen,0,0,-0.016,0.05
890,self,1,1,0.989,0.05
891,self,1,0,0.985,0.05
892,minimax,0,0,-0.008,0.05
893,frozen,0,1,-0.014,0.05
894,frozen,0,0,-0.014,0.05
895,frozen,0,1,-0.017,0.05
896,minimax,0,1,-0.001,0.05
897,frozen,0,0,-0.015,0.05
898,heuristic,0,1,-0.007,0.05
899,frozen,1,0,0.988,0.05
900,self,0,1,-0.014,0.05
901,random,1,0,0.987,0.05
902,minimax,0,0,-0.003,0.05
903,frozen,1,0,0.994,0.05
904,self,0,1,-0.017,0.05
905,frozen,1,0,0.987,0.05
906,heuristic,0,0,-0.004,0.05
907,frozen,1,1,0.984,0.05
908,frozen,1,0,0.985,0.05
909,frozen,0,0,-0.013,0.05
910,frozen,1,0,0.987,0.05
911,self,0,1,-0.016,0.05
912,frozen,0,1,-0.017,0.05
913,heuristic,0,1,-0.004,0.05
914,frozen,1,1,0.985,0.05
915,heuristic,0,1,-0.005,0.05
916,self,1,1,0.986,0.05
917,random,1,1,0.987,0.05
918,minimax,0,1,-0.009,0.05
919,minimax,0,1,-0.01,0.05
920,heuristic,0,1,-0.005,0.05
921,frozen,0,1,-0.012,0.05
922,heuristic,0,1,-0.013,0.05
923,frozen,0,1,-0.01,0.05
924,self,1,1,0.992,0.05
925,heuristic,0,1,-0.006,0.05
926,heuristic,0,0,-0.003,0.05
927,self,0,1,-0.011,0.05
928,self,0,0,-0.009,0.05
929,self,0,1,-0.016,0.05
930,frozen,0,0,-0.009,0.05
931,frozen,0,1,-0.01,0.05
932,frozen,1,1,0.986,0.05
933,self,0,1,-0.017,0.05
934,frozen,0,1,-0.015,0.05
935,frozen,0,1,-0.015,0.05
936,self,0,1,-0.016,0.05
937,heuristic,1,0,0.997,0.05
938,random,0,0,-0.011,0.05
939,minimax,0,0,-0.007,0.05
940,minimax,0,0,-0.014,0.05
941,frozen,1,1,0.995,0.05
942,minimax,0,1,-0.004,0.05
943,self,0,1,-0.013,0.05
944,random,0,0,-0.011,0.05
945,frozen,1,1,0.985,0.05
946,frozen,1,0,0.986,0.05
947,minimax,0,1,-0.005,0.05
948,frozen,0,0,-0.008,0.05
949,heuristic,0,1,-0.009,0.05
950,self,1,0,0.986,0.05
951,self,1,0,0.992,0.05
952,minimax,0,0,-0.007,0.05
953,frozen,0,0,-0.013,0.05
954,minimax,0,0,-0.003,0.05
955,minimax,0,1,-0.005,0.05
956,random,0,0,-0.01,0.05
957,random,0,1,-0.006,0.05
958,heuristic,0,0,-0.003,0.05
959,random,0,0,-0.014,0.05
960,frozen,0,1,-0.012,0.05
961,frozen,0,1,-0.016,0.05
962,minimax,0,1,-0.011,0.05
963,frozen,0,0,-0.014,0.05
964,self,1,0,0.994,0.05
965,minimax,0,0,-0.004,0.05
966,frozen,1,0,0.993,0.05
967,minimax,0,0,-0.013,0.05
968,minimax,0,0,-0.008,0.05
969,frozen,0,1,-0.012,0.05
970,random,0,1,-0.015,0.05
971,self,1,1,0.987,0.05
972,frozen,1,0,0.989,0.05
973,self,0,0,-0.015,0.05
974,random,0,1,-0.015,0.05
975,heuristic,0,1,-0.004,0.05
976,self,1,1,0.99,0.05
977,random,1,1,0.987,0.05
978,frozen,0,0,-0.014,0.05
979,self,1,0,0.986,0.05
980,self,0,1,-0.014,0.05
981,self,1,1,0.986,0.05
982,heuristic,0,1,-0.006,0.05
983,self,1,1,0.991,0.05
984,frozen,1,1,0.986,0.05
985,frozen,1,1,0.986,0.05
986,self,1,1,0.989,0.05
987,self,0,0,-0.016,0.05
988,self,0,0,-0.016,0.05
989,heuristic,0,0,-0.002,0.05
990,random,1,1,0.989,0.05
991,minimax,0,0,-0.008,0.05
992,heuristic,0,1,-0.006,0.05
993,self,1,0,0.987,0.05
994,frozen,0,0,-0.015,0.05
995,self,0,0,-0.015,0.05
996,frozen,0,1,-0.015,0.05
997,frozen,1,0,0.998,0.05
998,random,1,0,0.989,0.05
999,minimax,0,0,-0.002,0.05
1000,frozen,0,1,-0.01,0.05
1001,heuristic,0,1,-0.004,0.05
1002,frozen,1,1,0.994,0.05
1003,frozen,0,1,-0.014,0.05
1004,frozen,0,0,-0.004,0.05
1005,random,1,0,0.987,0.05
1006,self,0,1,-0.014,0.05
1007,frozen,0,1,-0.014,0.05
1008,frozen,0,1,-0.016,0.05
1009,self,1,1,0.986,0.05
1010,random,1,0,0.987,0.05
1011,minimax,0,0,-0.009,0.05
1012,minimax,0,0,-0.005,0.05
1013,self,0,0,-0.014,0.05
1014,frozen,0,1,-0.008,0.05
1015,minimax,0,1,-0.009,0.05
1016,self,1,1,0.989,0.05
1017,random,1,0,0.987,0.05
1018,frozen,0,1,-0.011,0.05
1019,heuristic,0,0,-0.007,0.05
1020,random,1,0,0.987,0.05
1021,self,1,0,0.984,0.05
1022,random,0,1,-0.012,0.05
1023,frozen,1,1,0.987,0.05
1024,heuristic,0,0,-0.007,0.05
1025,frozen,0,0,-0.014,0.05
1026,frozen,0,1,-0.016,0.05
1027,frozen,0,0,-0.013,0.05
1028,self,0,0,-0.013,0.05
1029,frozen,0,1,-0.014,0.05
1030,frozen,0,0,-0.004,0.05
1031,random,1,1,0.99,0.05
1032,frozen,0,1,-0.014,0.05
1033,heuristic,0,1,-0.007,0.05
1034,frozen,1,1,0.994,0.05
1035,frozen,0,1,-0.015,0.05
1036,heuristic,1,1,0.995,0.05
1037,frozen,0,0,-0.016,0.05
1038,heuristic,0,0,-0.004,0.05
1039,frozen,0,0,-0.014,0.05
1040,random,1,0,0.988,0.05
1041,minimax,0,0,-0.004,0.05
1042,minimax,0,0,-0.004,0.05
1043,frozen,0,0,-0.014,0.05
1044,self,0,0,-0.011,0.05
1045,minimax,0,1,-0.003,0.05
1046,frozen,1,1,0.988,0.05
1047,minimax,0,1,-0.011,0.05
1048,self,1,1,0.988,0.05
1049,random,0,1,-0.013,0.05
1050,self,0,1,-0.013,0.05
1051,frozen,1,1,0.987,0.05
1052,minimax,0,1,-0.013,0.05
1053,minimax,0,1,-0.002,0.05
1054,frozen,1,0,0.995,0.05
1055,frozen,1,0,0.991,0.05
1056,heuristic,0,0,-0.003,0.05
1057,random,1,0,0.988,0.05
1058,self,0,0,-0.007,0.05
1059,frozen,0,1,-0.015,0.05
1060,heuristic,0,1,-0.006,0.05
1061,frozen,1,1,0.989,0.05
1062,self,0,1,-0.013,0.05
1063,frozen,0,0,-0.014,0.05
1064,frozen,0,1,-0.014,0.05
1065,heuristic,0,0,-0.01,0.05
1066,heuristic,0,0,-0.004,0.05
1067,self,0,0,-0.012,0.05
1068,self,0,1,-0.011,0.05
1069,frozen,0,0,-0.011,0.05
1070,frozen,0,1,-0.003,0.05
1071,heuristic,1,0,0.997,0.05
1072,random,1,1,0.99,0.05
1073,frozen,0,0,-0.014,0.05
1074,frozen,0,0,-0.013,0.05
1075,self,1,0,0.986,0.05
1076,self,1,0,0.988,0.05
1077,frozen,1,1,0.99,0.05
1078,frozen,1,0,0.992,0.05
1079,minimax,0,0,-0.011,0.05
1080,frozen,1,0,0.984,0.05
1081,frozen,0,1,-0.015,0.05
1082,heuristic,0,0,-0.007,0.05
1083,minimax,0,0,-0.003,0.05
1084,self,1,0,0.985,0.05
1085,random,1,1,0.988,0.05
1086,frozen,0,1,-0.015,0.05
1087,random,1,0,0.986,0.05
1088,frozen,0,1,-0.015,0.05
1089,frozen,0,1,-0.012,0.05
1090,minimax,0,0,-0.008,0.05
1091,heuristic,0,0,-0.004,0.05
1092,self,0,0,-0.014,0.05
1093,minimax,0,1,-0.004,0.05
1094,frozen,1,1,0.988,0.05
1095,minimax,0,1,-0.009,0.05
1096,self,1,0,0.986,0.05
1097,minimax,0,1,-0.004,0.05
1098,random,0,0,-0.012,0.05
1099,frozen,1,0,0.985,0.05
1100,heuristic,0,1,-0.012,0.05
1101,frozen,1,0,0.991,0.05
1102,random,1,1,0.991,0.05
1103,heuristic,0,0,-0.006,0.05
1104,random,0,1,-0.014,0.05
1105,self,0,1,-0.003,0.05
1106,heuristic,0,0,-0.006,0.05
1107,self,1,0,0.986,0.05
1108,minimax,0,1,-0.01,0.05
1109,frozen,0,0,-0.015,0.05
1110,frozen,0,0,-0.008,0.05
1111,random,1,1,0.991,0.05
1112,minimax,0,1,-0.005,0.05
1113,self,1,0,0.984,0.05
1114,heuristic,0,1,-0.006,0.05
1115,self,1,1,0.989,0.05
1116,frozen,0,0,-0.015,0.05
1117,random,1,0,0.988,0.05
1118,minimax,0,0,-0.004,0.05
1119,minimax,0,0,-0.014,0.05
1120,self,1,1,0.985,0.05
1121,frozen,0,0,-0.008,0.05
1122,heuristic,0,1,-0.01,0.05
1123,minimax,0,0,-0.007,0.05
1124,frozen,1,0,0.99,0.05
1125,frozen,1,1,0.986,0.05
1126,frozen,0,1,-0.013,0.05
1127,minimax,0,0,-0.007,0.05
1128,heuristic,0,0,-0.008,0.05
1129,frozen,0,0,-0.001,0.05
1130,minimax,0,1,-0.006,0.05
1131,heuristic,0,0,-0.008,0.05
1132,self,0,0,-0.015,0.05
1133,random,1,1,0.993,0.05
1134,frozen,0,0,-0.014,0.05
1135,heuristic,0,0,-0.007,0.05
1136,frozen,0,0,-0.015,0.05
1137,random,1,0,0.992,0.05
1138,self,1,0,0.986,0.05
1139,frozen,1,1,0.984,0.05
1140,frozen,0,1,-0.009,0.05
1141,self,1,1,0.991,0.05
1142,heuristic,0,1,-0.004,0.05
1143,random,0,1,-0.01,0.05
1144,random,1,0,0.99,0.05
1145,random,0,1,-0.015,0.05
1146,frozen,1,1,0.986,0.05
1147,heuristic,1,0,0.997,0.05
1148,heuristic,0,0,-0.004,0.05
1149,frozen,1,1,0.986,0.05
1150,frozen,1,0,0.99,0.05
1151,heuristic,0,1,-0.004,0.05
1152,heuristic,0,0,-0.011,0.05
1153,random,0,1,-0.011,0.05
1154,self,0,1,-0.009,0.05
1155,frozen,0,0,-0.014,0.05
1156,frozen,1,0,0.986,0.05
1157,self,1,0,0.986,0.05
1158,minimax,0,0,-0.001,0.05
1159,frozen,1,1,0.987,0.05
1160,random,0,0,-0.014,0.05
1161,random,1,1,0.987,0.05
1162,heuristic,0,1,-0.009,0.05
1163,frozen,0,1,-0.014,0.05
1164,minimax,0,0,-0.008,0.05
1165,random,0,1,-0.014,0.05
1166,self,0,1,-0.016,0.05
1167,self,0,0,-0.015,0.05
1168,frozen,1,0,0.985,0.05
1169,frozen,0,1,-0.008,0.05
1170,frozen,1,0,0.985,0.05
1171,random,1,1,0.989,0.05
1172,random,0,0,-0.013,0.05
1173,random,0,1,-0.014,0.05
1174,self,1,0,0.984,0.05
1175,frozen,0,1,-0.016,0.05
1176,frozen,0,0,-0.008,0.05
1177,minimax,0,1,-0.008,0.05
1178,frozen,0,0,-0.006,0.05
1179,minimax,0,1,-0.006,0.05
1180,heuristic,0,0,-0.009,0.05
1181,minimax,0,1,-0.013,0.05
1182,minimax,0,1,-0.004,0.05
1183,minimax,0,0,-0.008,0.05
1184,frozen,0,0,-0.013,0.05
1185,self,0,0,-0.014,0.05
1186,frozen,1,1,0.986,0.05
1187,self,1,1,0.989,0.05
1188,frozen,0,1,-0.016,0.05
1189,minimax,0,0,-0.003,0.05
1190,heuristic,0,0,-0.011,0.05
1191,frozen,0,1,-0.013,0.05
1192,self,0,1,-0.011,0.05
1193,minimax,0,0,-0.002,0.05
1194,self,0,0,-0.015,0.05
1195,frozen,1,0,0.989,0.05
1196,frozen,1,1,0.99,0.05
1197,minimax,0,0,-0.004,0.05
1198,frozen,0,1,-0.015,0.05
1199,frozen,0,1,-0.015,0.05
1200,heuristic,1,0,0.997,0.05
1201,random,1,0,0.987,0.05
1202,minimax,0,0,-0.002,0.05
1203,frozen,1,0,0.985,0.05
1204,minimax,0,0,-0.006,0.05
1205,self,0,1,-0.015,0.05
1206,random,1,1,0.987,0.05
1207,frozen,1,0,0.989,0.05
1208,frozen,1,1,0.987,0.05
1209,frozen,0,1,-0.01,0.05
1210,minimax,0,1,-0.003,0.05
1211,frozen,0,0,-0.015,0.05
1212,random,1,0,0.985,0.05
1213,random,1,0,0.988,0.05
1214,minimax,0,0,-0.002,0.05
1215,frozen,1,0,0.987,0.05
1216,frozen,1,1,0.986,0.05
1217,random,1,1,0.988,0.05
1218,minimax,0,1,-0.005,0.05
1219,frozen,0,0,-0.008,0.05
1220,frozen,1,0,0.988,0.05
1221,frozen,0,0,-0.007,0.05
1222,heuristic,0,1,-0.002,0.05
1223,minimax,0,0,-0.002,0.05
1224,self,1,1,0.984,0.05
1225,random,0,1,-0.014,0.05
1226,self,0,1,-0.013,0.05
1227,minimax,0,0,-0.003,0.05
1228,frozen,0,1,-0.014,0.05
1229,random,1,1,0.989,0.05
1230,frozen,0,1,-0.013,0.05
1231,minimax,0,1,-0.002,0.05
1232,frozen,0,0,-0.015,0.05
1233,random,0,1,-0.014,0.05
1234,self,0,1,-0.017,0.05
1235,minimax,0,0,-0.003,0.05
1236,frozen,0,1,-0.003,0.05
1237,frozen,0,1,-0.012,0.05
1238,frozen,1,0,0.986,0.05
1239,heuristic,0,1,-0.003,0.05
1240,self,1,0,0.986,0.05
1241,heuristic,1,1,0.997,0.05
1242,self,0,0,-0.014,0.05
1243,frozen,0,1,-0.017,0.05
1244,heuristic,0,0,-0.009,0.05
1245,frozen,1,0,0.984,0.05
1246,frozen,1,1,0.987,0.05
1247,minimax,0,1,-0.002,0.05
1248,random,0,0,-0.013,0.05
1249,frozen,1,1,0.986,0.05
1250,self,1,0,0.984,0.05
1251,minimax,0,0,-0.003,0.05
1252,self,0,1,-0.017,0.05
1253,self,0,1,-0.013,0.05
1254,frozen,0,1,-0.016,0.05
1255,random,1,0,0.986,0.05
1256,frozen,1,0,0.988,0.05
1257,heuristic,0,0,-0.003,0.05
1258,heuristic,0,1,-0.004,0.05
1259,random,1,1,0.989,0.05
1260,random,0,1,-0.014,0.05
1261,frozen,0,0,-0.012,0.05
1262,random,1,1,0.986,0.05
1263,frozen,1,1,0.99,0.05
1264,random,0,1,-0.015,0.05
1265,random,1,1,0.988,0.05
1266,heuristic,0,0,-0.002,0.05
1267,self,0,1,-0.014,0.05
1268,self,1,1,0.99,0.05
1269,frozen,1,0,0.987,0.05
1270,frozen,1,0,0.987,0.05
1271,minimax,0,0,-0.012,0.05
1272,random,0,0,-0.013,0.05
1273,frozen,0,0,-0.014,0.05
1274,heuristic,0,1,-0.007,0.05
1275,frozen,1,1,0.986,0.05
1276,random,1,1,0.99,0.05
1277,frozen,1,0,0.986,0.05
1278,minimax,0,1,-0.004,0.05
1279,frozen,1,0,0.989,0.05
1280,random,0,0,-0.013,0.05
1281,heuristic,0,1,-0.006,0.05
1282,heuristic,0,0,-0.004,0.05
1283,heuristic,0,1,-0.006,0.05
1284,heuristic,0,0,-0.007,0.05
1285,frozen,1,0,0.989,0.05
1286,random,1,1,0.991,0.05
1287,random,0,1,-0.01,0.05
1288,random,1,1,0.99,0.05
1289,frozen,0,0,-0.015,0.05
1290,self,0,1,-0.013,0.05
1291,frozen,0,0,-0.011,0.05
1292,self,0,1,-0.017,0.05
1293,self,0,1,-0.009,0.05
1294,heuristic,0,0,-0.003,0.05
1295,random,1,1,0.987,0.05
1296,frozen,0,0,-0.016,0.05
1297,self,0,1,-0.014,0.05
1298,self,0,0,-0.011,0.05
1299,self,0,1,-0.016,0.05
1300,heuristic,0,0,-0.01,0.05
1301,frozen,1,1,0.988,0.05
1302,random,1,1,0.99,0.05
1303,frozen,1,0,0.987,0.05
1304,minimax,0,1,-0.009,0.05
1305,frozen,1,0,0.984,0.05
1306,frozen,1,0,0.993,0.05
1307,heuristic,0,0,-0.009,0.05
1308,self,1,0,0.989,0.05
1309,minimax,0,0,-0.002,0.05
1310,heuristic,0,1,-0.014,0.05
1311,self,0,0,-0.014,0.05
1312,frozen,0,0,-0.013,0.05
1313,frozen,1,1,0.985,0.05
1314,random,0,1,-0.012,0.05
1315,random,0,0,-0.012,0.05
1316,frozen,1,0,0.99,0.05
1317,minimax,0,0,-0.007,0.05
1318,frozen,0,1,-0.015,0.05
1319,frozen,1,1,0.986,0.05
1320,self,0,1,-0.016,0.05
1321,random,1,0,0.987,0.05
1322,minimax,0,1,-0.013,0.05
1323,random,1,1,0.99,0.05
1324,random,0,0,-0.011,0.05
1325,self,1,1,0.988,0.05
1326,random,1,1,0.991,0.05
1327,minimax,0,1,-0.011,0.05
1328,random,1,1,0.988,0.05
1329,random,0,1,-0.008,0.05
1330,heuristic,0,1,-0.01,0.05
1331,frozen,1,1,0.986,0.05
1332,self,0,1,-0.013,0.05
1333,self,0,0,-0.013,0.05
1334,heuristic,0,0,-0.004,0.05
1335,frozen,1,1,0.998,0.05
1336,self,1,1,0.985,0.05
1337,random,0,0,-0.013,0.05
1338,random,0,1,-0.015,0.05
1339,random,0,1,-0.013,0.05
1340,minimax,0,1,-0.003,0.05
1341,random,1,1,0.99,0.05
1342,frozen,0,1,-0.014,0.05
1343,frozen,0,0,-0.015,0.05
1344,frozen,1,0,0.988,0.05
1345,minimax,0,1,-0.012,0.05
1346,heuristic,0,0,-0.004,0.05
1347,random,1,0,0.991,0.05
1348,frozen,0,1,-0.008,0.05
1349,self,1,1,0.988,0.05
1350,heuristic,0,0,-0.004,0.05
1351,random,0,1,-0.013,0.05
1352,self,1,0,0.986,0.05
1353,frozen,1,0,0.986,0.05
1354,random,0,1,-0.011,0.05
1355,random,1,0,0.988,0.05
1356,frozen,0,0,-0.01,0.05
1357,random,1,0,0.987,0.05
1358,random,0,0,-0.012,0.05
1359,heuristic,1,1,0.995,0.05
1360,random,1,1,0.991,0.05
1361,self,0,1,-0.015,0.05
1362,frozen,0,0,-0.013,0.05
1363,frozen,1,1,0.988,0.05
1364,random,0,0,-0.01,0.05
1365,frozen,1,1,0.988,0.05
1366,frozen,0,0,-0.014,0.05
1367,frozen,0,1,-0.017,0.05
1368,frozen,1,1,0.994,0.05
1369,self,1,1,0.992,0.05
1370,self,0,1,-0.015,0.05
1371,random,1,1,0.987,0.05
1372,self,1,0,0.988,0.05
1373,frozen,1,1,0.988,0.05
1374,random,0,0,-0.013,0.05
1375,frozen,1,1,0.986,0.05
1376,minimax,0,1,-0.011,0.05
1377,self,0,0,-0.015,0.05
1378,self,1,0,0.985,0.05
1379,frozen,0,1,-0.016,0.05
1380,heuristic,0,1,-0.006,0.05
1381,random,0,1,-0.01,0.05
1382,heuristic,0,0,-0.011,0.05
1383,heuristic,0,0,-0.006,0.05
1384,minimax,0,0,-0.01,0.05
1385,heuristic,0,1,-0.003,0.05
1386,frozen,0,1,-0.016,0.05
1387,frozen,1,1,0.988,0.05
1388,self,0,0,-0.015,0.05
1389,frozen,0,1,-0.015,0.05
1390,self,1,1,0.988,0.05
1391,self,0,1,-0.013,0.05
1392,heuristic,0,0,-0.01,0.05
1393,heuristic,0,0,-0.004,0.05
1394,frozen,1,1,0.985,0.05
1395,self,1,0,0.991,0.05
1396,heuristic,0,0,-0.004,0.05
1397,self,1,0,0.988,0.05
1398,minimax,0,1,-0.003,0.05
1399,minimax,0,0,-0.014,0.05
1400,frozen,0,1,-0.015,0.05
1401,self,0,0,-0.015,0.05
1402,heuristic,1,1,0.997,0.05
1403,frozen,0,1,-0.014,0.05
1404,heuristic,1,1,0.997,0.05
1405,heuristic,0,1,-0.004,0.05
1406,frozen,0,1,-0.015,0.05
1407,random,0,1,-0.013,0.05
1408,self,1,1,0.989,0.05
1409,self,0,1,-0.01,0.05
1410,heuristic,0,1,-0.004,0.05
1411,frozen,0,0,-0.015,0.05
1412,self,0,1,-0.017,0.05
1413,frozen,1,1,0.991,0.05
1414,heuristic,1,1,0.997,0.05
1415,random,1,0,0.989,0.05
1416,frozen,1,1,0.986,0.05
1417,frozen,1,1,0.986,0.05
1418,minimax,0,1,-0.006,0.05
1419,heuristic,0,1,-0.006,0.05
1420,self,1,1,0.986,0.05
1421,minimax,0,1,-0.003,0.05
1422,self,0,0,-0.008,0.05
1423,frozen,1,0,0.988,0.05
1424,frozen,1,0,0.985,0.05
1425,frozen,0,1,-0.003,0.05
1426,minimax,0,0,-0.004,0.05
1427,minimax,0,0,-0.011,0.05
1428,minimax,0,1,-0.009,0.05
1429,minimax,0,1,-0.002,0.05
1430,frozen,1,0,0.987,0.05
1431,random,1,0,0.987,0.05
1432,random,0,0,-0.008,0.05
1433,self,0,1,-0.016,0.05
1434,heuristic,0,1,-0.005,0.05
1435,random,0,0,-0.01,0.05
1436,heuristic,0,0,-0.002,0.05
1437,frozen,1,1,0.993,0.05
1438,heuristic,0,0,-0.011,0.05
1439,frozen,0,1,-0.012,0.05
1440,frozen,1,1,0.991,0.05
1441,self,1,0,0.986,0.05
1442,frozen,1,0,0.985,0.05
1443,frozen,1,0,0.986,0.05
1444,random,1,1,0.987,0.05
1445,minimax,0,0,-0.006,0.05
1446,minimax,0,1,-0.003,0.05
1447,heuristic,0,0,-0.002,0.05
1448,heuristic,0,0,-0.002,0.05
1449,heuristic,0,0,-0.002,0.05
1450,frozen,0,0,-0.007,0.05
1451,frozen,0,0,-0.012,0.05
1452,frozen,1,1,0.986,0.05
1453,minimax,0,0,-0.006,0.05
1454,self,0,0,-0.013,0.05
1455,frozen,1,1,0.994,0.05
1456,heuristic,1,0,0.997,0.05
1457,frozen,1,1,0.985,0.05
1458,self,0,1,-0.012,0.05
1459,frozen,0,1,-0.016,0.05
1460,self,0,0,-0.01,0.05
1461,minimax,0,0,-0.008,0.05
1462,self,1,0,0.984,0.05
1463,minimax,0,0,-0.006,0.05
1464,minimax,0,0,-0.005,0.05
1465,frozen,1,1,0.987,0.05
1466,self,0,0,-0.013,0.05
1467,frozen,0,1,-0.011,0.05
1468,self,1,0,0.987,0.05
1469,random,1,1,0.985,0.05
1470,minimax,0,0,-0.004,0.05
1471,random,1,1,0.99,0.05
1472,self,1,1,0.987,0.05
1473,random,0,0,-0.012,0.05
1474,minimax,0,1,-0.008,0.05
1475,heuristic,0,0,-0.006,0.05
1476,frozen,0,1,-0.015,0.05
1477,random,0,0,-0.01,0.05
1478,self,1,1,0.988,0.05
1479,self,0,0,-0.009,0.05
1480,frozen,0,0,-0.014,0.05
1481,minimax,0,0,-0.003,0.05
1482,self,1,1,0.988,0.05
1483,self,0,0,-0.01,0.05
1484,random,1,0,0.985,0.05
1485,self,0,0,-0.01,0.05
1486,minimax,0,1,-0.008,0.05
1487,minimax,0,0,-0.008,0.05
1488,frozen,1,1,0.995,0.05
1489,random,1,1,0.991,0.05
1490,random,1,1,0.987,0.05
1491,self,0,1,-0.017,0.05
1492,frozen,1,1,0.986,0.05
1493,heuristic,0,0,-0.006,0.05
1494,self,0,1,-0.012,0.05
1495,frozen,1,0,0.985,0.05
1496,random,1,1,0.992,0.05
1497,frozen,0,0,-0.013,0.05
1498,frozen,0,1,-0.015,0.05
1499,heuristic,0,0,-0.002,0.05
1500,random,1,1,0.988,0.05
1501,self,1,1,0.985,0.05
1502,minimax,0,0,-0.005,0.05
1503,frozen,0,1,-0.015,0.05
1504,self,1,1,0.993,0.05
1505,frozen,0,0,-0.015,0.05
1506,self,1,1,0.991,0.05
1507,frozen,1,0,0.987,0.05
1508,minimax,0,0,-0.011,0.05
1509,minimax,0,1,-0.006,0.05
1510,heuristic,0,0,-0.002,0.05
1511,frozen,0,1,-0.016,0.05
1512,random,1,0,0.987,0.05
1513,random,1,0,0.988,0.05
1514,minimax,0,1,-0.004,0.05
1515,random,0,0,-0.012,0.05
1516,self,0,0,-0.012,0.05
1517,minimax,0,0,-0.005,0.05
1518,minimax,0,0,-0.008,0.05
1519,self,1,1,0.986,0.05
1520,frozen,1,0,0.99,0.05
1521,self,1,0,0.986,0.05
1522,frozen,1,0,0.988,0.05
1523,self,1,1,0.985,0.05
1524,heuristic,1,1,0.997,0.05
1525,self,1,0,0.985,0.05
1526,minimax,0,1,-0.004,0.05
1527,frozen,0,1,-0.012,0.05
1528,random,0,1,-0.014,0.05
1529,random,0,1,-0.015,0.05
1530,frozen,0,1,-0.012,0.05
1531,random,1,1,0.994,0.05
1532,self,0,1,-0.015,0.05
1533,frozen,0,1,-0.005,0.05
1534,self,1,0,0.986,0.05
1535,self,0,1,-0.009,0.05
1536,self,0,0,-0.009,0.05
1537,self,0,0,-0.011,0.05
1538,frozen,0,1,-0.014,0.05
1539,minimax,0,0,-0.007,0.05
1540,minimax,0,0,-0.004,0.05
1541,self,1,0,0.987,0.05
1542,minimax,0,0,-0.008,0.05
1543,frozen,0,1,-0.016,0.05
1544,random,1,1,0.989,0.05
1545,heuristic,0,1,-0.002,0.05
1546,frozen,1,1,0.987,0.05
1547,frozen,1,0,0.985,0.05
1548,heuristic,1,1,0.997,0.05
1549,frozen,1,0,0.986,0.05
1550,frozen,1,1,0.986,0.05
1551,heuristic,0,1,-0.006,0.05
1552,frozen,1,1,0.988,0.05
1553,heuristic,0,1,-0.005,0.05
1554,random,1,0,0.99,0.05
1555,minimax,0,1,-0.011,0.05
1556,random,0,0,-0.015,0.05
1557,minimax,0,0,-0.002,0.05
1558,minimax,0,1,-0.012,0.05
1559,random,0,1,-0.008,0.05
1560,heuristic,0,1,-0.007,0.05
1561,self,0,0,-0.016,0.05
1562,heuristic,0,0,-0.009,0.05
1563,self,1,0,0.984,0.05
1564,heuristic,0,1,-0.007,0.05
1565,frozen,1,0,0.985,0.05
1566,minimax,0,0,-0.005,0.05
1567,heuristic,0,0,-0.012,0.05
1568,self,0,0,-0.012,0.05
1569,minimax,0,1,-0.003,0.05
1570,self,1,0,0.992,0.05
1571,heuristic,0,1,-0.006,0.05
1572,heuristic,0,0,-0.009,0.05
1573,frozen,1,0,0.984,0.05
1574,self,0,1,-0.014,0.05
1575,frozen,1,0,0.985,0.05
1576,self,1,1,0.996,0.05
1577,random,1,0,0.988,0.05
1578,frozen,1,0,0.986,0.05
1579,self,1,1,0.987,0.05
1580,minimax,0,0,-0.006,0.05
1581,self,1,1,0.993,0.05
1582,frozen,0,0,-0.012,0.05
1583,frozen,1,0,0.986,0.05
1584,self,1,1,0.986,0.05
1585,minimax,0,1,-0.006,0.05
1586,heuristic,0,0,-0.004,0.05
1587,frozen,0,1,-0.012,0.05
1588,heuristic,0,1,-0.013,0.05
1589,random,1,1,0.987,0.05
1590,random,1,0,0.988,0.05
1591,heuristic,0,0,-0.003,0.05
1592,heuristic,0,0,-0.012,0.05
1593,self,1,0,0.988,0.05
1594,self,1,1,0.989,0.05
1595,frozen,1,1,0.988,0.05
1596,self,0,0,-0.009,0.05
1597,heuristic,0,1,-0.004,0.05
1598,frozen,1,0,0.989,0.05
1599,heuristic,0,0,-0.004,0.05
1600,frozen,1,0,0.985,0.05
1601,frozen,1,1,0.988,0.05
1602,random,0,0,-0.007,0.05
1603,heuristic,1,1,0.997,0.05
1604,heuristic,1,1,0.997,0.05
1605,frozen,1,1,0.986,0.05
1606,frozen,0,1,-0.013,0.05
1607,frozen,0,0,-0.014,0.05
1608,frozen,0,1,-0.012,0.05
1609,self,0,1,-0.014,0.05
1610,random,0,1,-0.013,0.05
1611,heuristic,0,1,-0.003,0.05
1612,minimax,0,1,-0.006,0.05
1613,self,0,1,-0.014,0.05
1614,frozen,1,0,0.985,0.05
1615,self,0,1,-0.016,0.05
1616,frozen,0,1,-0.015,0.05
1617,frozen,0,0,-0.013,0.05
1618,heuristic,0,1,-0.006,0.05
1619,random,0,1,-0.008,0.05
1620,frozen,0,1,-0.014,0.05
1621,frozen,0,0,-0.014,0.05
1622,frozen,0,0,-0.013,0.05
1623,self,0,1,-0.012,0.05
1624,frozen,1,1,0.984,0.05
1625,self,1,1,0.989,0.05
1626,self,0,1,-0.015,0.05
1627,frozen,1,0,0.985,0.05
1628,frozen,0,0,-0.012,0.05
1629,minimax,0,0,-0.011,0.05
1630,frozen,1,0,0.986,0.05
1631,random,1,1,0.989,0.05
1632,random,1,0,0.991,0.05
1633,random,0,1,-0.01,0.05
1634,self,1,1,0.994,0.05
1635,frozen,0,0,-0.005,0.05
1636,minimax,0,0,-0.007,0.05
1637,frozen,1,1,0.993,0.05
1638,minimax,0,1,-0.009,0.05
1639,frozen,1,0,0.985,0.05
1640,frozen,1,1,0.985,0.05
1641,frozen,0,0,-0.015,0.05
1642,minimax,0,0,-0.004,0.05
1643,heuristic,0,0,-0.01,0.05
1644,random,0,0,-0.012,0.05
1645,random,1,1,0.989,0.05
1646,minimax,0,0,-0.009,0.05
1647,random,0,1,-0.011,0.05
1648,heuristic,0,1,-0.008,0.05
1649,self,0,1,-0.015,0.05
1650,minimax,0,1,-0.003,0.05
1651,self,0,0,-0.016,0.05
1652,random,1,1,0.987,0.05
1653,frozen,0,0,-0.013,0.05
1654,frozen,0,1,-0.014,0.05
1655,frozen,0,0,-0.015,0.05
1656,random,0,0,-0.014,0.05
1657,minimax,0,0,-0.003,0.05
1658,minimax,0,0,-0.003,0.05
1659,frozen,1,0,0.993,0.05
1660,frozen,1,1,0.987,0.05
1661,frozen,0,1,-0.017,0.05
1662,random,1,0,0.991,0.05
1663,frozen,0,0,-0.016,0.05
1664,frozen,0,0,-0.015,0.05
1665,heuristic,1,1,0.997,0.05
1666,self,1,1,0.986,0.05
1667,heuristic,0,1,-0.003,0.05
1668,frozen,1,0,0.986,0.05
1669,frozen,1,1,0.985,0.05
1670,heuristic,1,1,0.997,0.05
1671,frozen,1,1,0.984,0.05
1672,heuristic,1,1,0.997,0.05
1673,minimax,0,0,-0.008,0.05
1674,frozen,1,0,0.991,0.05
1675,frozen,1,1,0.987,0.05
1676,minimax,0,0,-0.003,0.05
1677,heuristic,0,1,-0.009,0.05
1678,self,1,0,0.99,0.05
1679,minimax,0,0,-0.003,0.05
1680,frozen,1,0,0.985,0.05
1681,frozen,1,0,0.988,0.05
1682,frozen,1,0,0.985,0.05
1683,random,1,0,0.987,0.05
1684,heuristic,1,1,0.997,0.05
1685,minimax,0,1,-0.007,0.05
1686,frozen,1,0,0.996,0.05
1687,self,1,0,0.987,0.05
1688,minimax,0,1,-0.005,0.05
1689,frozen,1,0,0.987,0.05
1690,heuristic,0,1,-0.006,0.05
1691,self,0,0,-0.014,0.05
1692,self,1,1,0.986,0.05
1693,random,1,1,0.989,0.05
1694,minimax,0,0,-0.008,0.05
1695,frozen,1,0,0.986,0.05
1696,minimax,0,0,-0.003,0.05
1697,frozen,0,0,-0.013,0.05
1698,heuristic,0,0,-0.01,0.05
1699,self,0,1,-0.012,0.05
1700,frozen,1,0,0.987,0.05
1701,frozen,0,1,-0.009,0.05
1702,minimax,0,0,-0.007,0.05
1703,frozen,0,0,-0.015,0.05
1704,frozen,1,0,0.985,0.05
1705,heuristic,1,1,0.997,0.05
1706,minimax,0,1,-0.006,0.05
1707,frozen,1,0,0.985,0.05
1708,frozen,0,1,-0.008,0.05
1709,self,1,1,0.985,0.05
1710,random,0,1,-0.013,0.05
1711,minimax,0,1,-0.009,0.05
1712,self,1,1,0.995,0.05
1713,frozen,1,0,0.986,0.05
1714,self,1,0,0.988,0.05
1715,self,0,0,-0.015,0.05
1716,self,0,0,-0.014,0.05
1717,frozen,1,1,0.991,0.05
1718,frozen,1,1,0.995,0.05
1719,frozen,1,0,0.987,0.05
1720,random,1,1,0.988,0.05
1721,frozen,0,0,-0.016,0.05
1722,minimax,0,0,-0.003,0.05
1723,frozen,0,1,-0.008,0.05
1724,frozen,0,0,-0.013,0.05
1725,frozen,1,1,0.99,0.05
1726,frozen,1,0,0.985,0.05
1727,random,0,0,-0.013,0.05
1728,minimax,0,1,-0.007,0.05
1729,frozen,0,1,-0.016,0.05
1730,frozen,0,1,-0.016,0.05
1731,self,0,1,-0.016,0.05
1732,self,1,0,0.985,0.05
1733,frozen,1,1,0.992,0.05
1734,frozen,1,1,0.988,0.05
1735,heuristic,1,1,0.997,0.05
1736,self,0,1,-0.016,0.05
1737,frozen,0,1,-0.015,0.05
1738,random,1,1,0.988,0.05
1739,frozen,1,0,0.985,0.05
1740,frozen,0,1,-0.016,0.05
1741,heuristic,0,0,-0.002,0.05
1742,frozen,0,1,-0.01,0.05
1743,self,1,0,0.99,0.05
1744,heuristic,0,1,-0.008,0.05
1745,self,1,1,0.988,0.05
1746,frozen,0,1,-0.013,0.05
1747,frozen,1,1,0.987,0.05
1748,frozen,1,0,0.994,0.05
1749,minimax,0,1,-0.009,0.05
1750,frozen,0,1,-0.011,0.05
1751,random,0,1,-0.011,0.05
1752,minimax,0,1,-0.003,0.05
1753,self,1,0,0.99,0.05
1754,minimax,0,0,-0.01,0.05
1755,minimax,0,1,-0.006,0.05
1756,minimax,0,0,-0.002,0.05
1757,frozen,0,1,-0.013,0.05
1758,frozen,0,0,-0.015,0.05
1759,minimax,0,1,-0.008,0.05
1760,heuristic,0,0,-0.002,0.05
1761,minimax,0,1,-0.006,0.05
1762,heuristic,1,1,0.997,0.05
1763,frozen,1,0,0.986,0.05
1764,frozen,0,1,-0.014,0.05
1765,frozen,1,1,0.99,0.05
1766,frozen,1,0,0.989,0.05
1767,minimax,0,1,-0.006,0.05
1768,minimax,0,0,-0.007,0.05
1769,self,1,0,0.991,0.05
1770,frozen,1,1,0.988,0.05
1771,minimax,0,1,-0.007,0.05
1772,frozen,1,1,0.987,0.05
1773,random,1,1,0.989,0.05
1774,frozen,1,0,0.987,0.05
1775,frozen,0,0,-0.011,0.05
1776,self,1,0,0.985,0.05
1777,frozen,0,0,-0.015,0.05
1778,random,1,0,0.984,0.05
1779,random,0,0,-0.013,0.05
1780,random,1,1,0.992,0.05
1781,random,1,1,0.993,0.05
1782,heuristic,0,1,-0.006,0.05
1783,minimax,0,0,-0.006,0.05
1784,heuristic,0,1,-0.01,0.05
1785,frozen,0,0,-0.001,0.05
1786,frozen,0,1,-0.014,0.05
1787,self,1,0,0.987,0.05
1788,random,0,0,-0.014,0.05
1789,frozen,1,1,0.988,0.05
1790,minimax,0,1,-0.012,0.05
1791,self,0,1,-0.011,0.05
1792,heuristic,0,1,-0.008,0.05
1793,self,0,0,-0.014,0.05
1794,frozen,1,1,0.986,0.05
1795,frozen,1,1,0.986,0.05
1796,self,0,1,-0.016,0.05
1797,heuristic,0,1,-0.006,0.05
1798,self,1,1,0.99,0.05
1799,random,1,1,0.988,0.05
1800,heuristic,0,1,-0.008,0.05
1801,frozen,1,0,0.988,0.05
1802,random,1,0,0.989,0.05
1803,random,1,1,0.991,0.05
1804,self,1,1,0.992,0.05
1805,self,1,0,0.988,0.05
1806,frozen,1,0,0.986,0.05
1807,heuristic,0,1,-0.004,0.05
1808,frozen,0,1,-0.01,0.05
1809,frozen,0,1,-0.009,0.05
1810,heuristic,1,0,0.997,0.05
1811,random,0,0,-0.013,0.05
1812,random,0,1,-0.014,0.05
1813,minimax,0,1,-0.012,0.05
1814,heuristic,1,1,0.997,0.05
1815,self,0,0,-0.007,0.05
1816,random,1,0,0.986,0.05
1817,heuristic,1,1,0.997,0.05
1818,frozen,1,0,0.984,0.05
1819,heuristic,1,1,0.997,0.05
1820,minimax,0,0,-0.013,0.05
1821,heuristic,0,1,-0.008,0.05
1822,frozen,0,1,-0.014,0.05
1823,heuristic,1,1,0.997,0.05
1824,heuristic,1,1,0.997,0.05
1825,frozen,0,1,-0.017,0.05
1826,heuristic,1,1,0.997,0.05
1827,minimax,0,1,-0.008,0.05
1828,heuristic,0,1,-0.004,0.05
1829,heuristic,1,1,0.997,0.05
1830,random,0,1,-0.013,0.05
1831,random,0,0,-0.012,0.05
1832,frozen,1,1,0.99,0.05
1833,frozen,0,1,-0.014,0.05
1834,random,0,1,-0.012,0.05
1835,minimax,0,0,-0.004,0.05
1836,random,0,1,-0.012,0.05
1837,frozen,0,1,-0.017,0.05
1838,frozen,1,1,0.995,0.05
1839,random,1,0,0.986,0.05
1840,random,1,0,0.988,0.05
1841,minimax,0,0,-0.002,0.05
1842,heuristic,0,1,-0.008,0.05
1843,heuristic,1,1,0.997,0.05
1844,frozen,0,0,-0.01,0.05
1845,heuristic,0,0,-0.009,0.05
1846,random,1,1,0.986,0.05
1847,heuristic,0,1,-0.005,0.05
1848,self,1,0,0.993,0.05
1849,random,1,0,0.988,0.05
1850,heuristic,0,0,-0.004,0.05
1851,minimax,0,0,-0.009,0.05
1852,frozen,0,0,-0.01,0.05
1853,frozen,0,0,-0.012,0.05
1854,heuristic,0,1,-0.006,0.05
1855,frozen,0,1,-0.016,0.05
1856,heuristic,1,1,0.997,0.05
1857,self,1,0,0.987,0.05
1858,self,0,1,-0.014,0.05
1859,heuristic,1,1,0.997,0.05
1860,minimax,0,1,-0.002,0.05
1861,minimax,0,1,-0.002,0.05
1862,frozen,1,1,0.986,0.05
1863,self,0,0,-0.015,0.05
1864,frozen,1,0,0.992,0.05
1865,minimax,0,0,-0.01,0.05
1866,self,0,0,-0.016,0.05
1867,self,0,1,-0.015,0.05
1868,random,1,0,0.985,0.05
1869,frozen,1,1,0.985,0.05
1870,frozen,1,0,0.99,0.05
1871,random,1,0,0.988,0.05
1872,random,0,0,-0.014,0.05
1873,frozen,0,0,-0.011,0.05
1874,heuristic,0,1,-0.01,0.05
1875,frozen,1,0,0.992,0.05
1876,frozen,0,0,-0.012,0.05
1877,self,0,0,-0.013,0.05
1878,random,1,0,0.988,0.05
1879,minimax,0,1,-0.005,0.05
1880,frozen,0,1,-0.013,0.05
1881,frozen,0,0,-0.014,0.05
1882,frozen,1,1,0.987,0.05
1883,frozen,0,0,-0.01,0.05
1884,frozen,1,0,0.986,0.05
1885,minimax,0,0,-0.007,0.05
1886,minimax,0,1,-0.005,0.05
1887,minimax,0,1,-0.005,0.05
1888,frozen,1,1,0.986,0.05
1889,minimax,0,0,-0.003,0.05
1890,frozen,1,0,0.989,0.05
1891,frozen,0,1,-0.012,0.05
1892,heuristic,0,1,-0.007,0.05
1893,frozen,0,0,-0.014,0.05
1894,random,0,1,-0.014,0.05
1895,self,0,0,-0.004,0.05
1896,self,1,0,0.984,0.05
1897,frozen,0,0,-0.014,0.05
1898,minimax,0,0,-0.003,0.05
1899,random,0,0,-0.014,0.05
1900,random,0,1,-0.011,0.05
1901,self,1,1,0.987,0.05
1902,random,1,0,0.99,0.05
1903,frozen,1,0,0.986,0.05
1904,frozen,0,1,-0.017,0.05
1905,frozen,0,1,-0.011,0.05
1906,frozen,1,1,0.984,0.05
1907,minimax,0,1,-0.008,0.05
1908,heuristic,1,0,0.997,0.05
1909,random,1,0,0.988,0.05
1910,minimax,0,0,-0.013,0.05
1911,minimax,0,0,-0.014,0.05
1912,minimax,0,1,-0.007,0.05
1913,frozen,1,0,0.994,0.05
1914,frozen,1,0,0.984,0.05
1915,random,1,1,0.991,0.05
1916,self,1,0,0.987,0.05
1917,self,0,1,-0.011,0.05
1918,heuristic,1,1,0.997,0.05
1919,heuristic,0,1,-0.007,0.05
1920,frozen,0,1,-0.014,0.05
1921,frozen,0,0,-0.014,0.05
1922,frozen,0,0,-0.016,0.05
1923,self,1,0,0.988,0.05
1924,heuristic,0,1,-0.004,0.05
1925,frozen,0,0,-0.016,0.05
1926,heuristic,0,0,-0.006,0.05
1927,frozen,0,0,-0.014,0.05
1928,frozen,0,1,-0.015,0.05
1929,frozen,1,0,0.988,0.05
1930,frozen,1,1,0.992,0.05
1931,minimax,0,1,-0.008,0.05
1932,frozen,1,1,0.987,0.05
1933,heuristic,0,1,-0.004,0.05
1934,minimax,0,0,-0.01,0.05
1935,frozen,1,1,0.991,0.05
1936,minimax,0,1,-0.01,0.05
1937,frozen,0,1,-0.016,0.05
1938,frozen,0,1,-0.013,0.05
1939,random,0,1,-0.009,0.05
1940,frozen,0,0,-0.011,0.05
1941,self,1,1,0.989,0.05
1942,random,1,0,0.988,0.05
1943,random,0,1,-0.011,0.05
1944,frozen,0,0,-0.014,0.05
1945,random,1,1,0.989,0.05
1946,random,1,0,0.988,0.05
1947,frozen,1,1,0.986,0.05
1948,heuristic,0,1,-0.003,0.05
1949,heuristic,0,1,-0.005,0.05
1950,self,0,0,-0.012,0.05
1951,minimax,0,1,-0.005,0.05
1952,self,1,1,0.993,0.05
1953,frozen,1,0,0.986,0.05
1954,self,0,1,-0.012,0.05
1955,random,1,1,0.989,0.05
1956,frozen,1,1,0.989,0.05
1957,frozen,0,0,-0.004,0.05
1958,self,1,1,0.991,0.05
1959,frozen,1,1,0.986,0.05
1960,minimax,0,0,-0.008,0.05
1961,self,0,0,-0.016,0.05
1962,random,0,0,-0.012,0.05
1963,frozen,1,0,0.992,0.05
1964,random,1,1,0.995,0.05
1965,frozen,0,1,-0.005,0.05
1966,heuristic,0,0,-0.004,0.05
1967,heuristic,0,1,-0.006,0.05
1968,random,1,0,0.989,0.05
1969,minimax,0,0,-0.003,0.05
1970,frozen,1,0,0.986,0.05
1971,random,1,0,0.989,0.05
1972,minimax,0,0,-0.005,0.05
1973,minimax,0,0,-0.003,0.05
1974,random,0,0,-0.011,0.05
1975,self,0,0,-0.012,0.05
1976,frozen,0,0,-0.01,0.05
1977,frozen,0,0,-0.013,0.05
1978,self,1,1,0.986,0.05
1979,minimax,0,1,-0.006,0.05
1980,random,0,0,-0.009,0.05
1981,frozen,0,1,-0.01,0.05
1982,frozen,1,1,0.988,0.05
1983,heuristic,1,0,0.997,0.05
1984,minimax,0,0,-0.008,0.05
1985,random,1,1,0.989,0.05
1986,frozen,1,0,0.986,0.05
1987,heuristic,0,0,-0.002,0.05
1988,minimax,0,0,-0.002,0.05
1989,self,0,1,-0.015,0.05
1990,frozen,0,0,-0.016,0.05
1991,minimax,0,0,-0.012,0.05
1992,frozen,1,1,0.995,0.05
1993,self,1,0,0.986,0.05
1994,frozen,0,1,-0.013,0.05
1995,random,0,1,-0.008,0.05
1996,heuristic,0,1,-0.006,0.05
1997,heuristic,1,1,0.997,0.05
1998,heuristic,0,1,-0.01,0.05
1999,minimax,0,0,-0.008,0.05
2000,self,0,0,-0.008,0.05
2001,frozen,1,0,0.986,0.05
2002,self,0,1,-0.015,0.05
2003,self,1,0,0.985,0.05
2004,random,1,0,0.991,0.05
2005,self,1,1,0.992,0.05
2006,heuristic,1,1,0.997,0.05
2007,random,1,0,0.988,0.05
2008,frozen,0,0,-0.015,0.05
2009,random,1,1,0.997,0.05
2010,minimax,0,0,-0.006,0.05
2011,self,1,1,0.987,0.05
2012,self,0,0,-0.012,0.05
2013,self,1,1,0.987,0.05
2014,random,0,1,-0.011,0.05
2015,random,0,0,-0.013,0.05
2016,frozen,1,0,0.985,0.05
2017,minimax,0,1,-0.006,0.05
2018,random,1,1,0.99,0.05
2019,frozen,1,0,0.991,0.05
2020,self,0,1,-0.011,0.05
2021,self,1,1,0.99,0.05
2022,frozen,0,1,-0.006,0.05
2023,frozen,1,0,0.994,0.05
2024,self,1,0,0.984,0.05
2025,frozen,0,0,-0.013,0.05
2026,random,1,0,0.985,0.05
2027,minimax,0,0,-0.01,0.05
2028,frozen,1,1,0.984,0.05
2029,heuristic,1,0,0.997,0.05
2030,self,1,1,0.995,0.05
2031,frozen,1,0,0.986,0.05
2032,minimax,0,1,-0.006,0.05
2033,frozen,0,1,-0.015,0.05
2034,frozen,1,0,0.986,0.05
2035,heuristic,1,1,0.997,0.05
2036,frozen,1,1,0.99,0.05
2037,frozen,1,0,0.984,0.05
2038,self,1,0,0.986,0.05
2039,frozen,0,1,-0.012,0.05
2040,random,0,0,-0.011,0.05
2041,minimax,0,0,-0.003,0.05
2042,heuristic,1,1,0.997,0.05
2043,frozen,1,0,0.986,0.05
2044,frozen,1,0,0.991,0.05
2045,self,0,1,-0.011,0.05
2046,random,1,0,0.985,0.05
2047,self,0,0,-0.015,0.05
2048,random,1,0,0.987,0.05
2049,self,0,1,-0.014,0.05
2050,random,0,0,-0.011,0.05
2051,self,1,1,0.986,0.05
2052,frozen,1,0,0.984,0.05
2053,minimax,0,0,-0.004,0.05
2054,frozen,1,0,0.984,0.05
2055,random,0,1,-0.01,0.05
2056,self,1,0,0.985,0.05
2057,minimax,0,0,-0.003,0.05
2058,frozen,0,0,-0.013,0.05
2059,heuristic,0,0,-0.003,0.05
2060,random,0,0,-0.011,0.05
2061,frozen,0,1,-0.014,0.05
2062,frozen,1,1,0.989,0.05
2063,random,0,1,-0.012,0.05
2064,random,1,1,0.99,0.05
2065,frozen,1,0,0.991,0.05
2066,random,1,0,0.987,0.05
2067,frozen,1,0,0.984,0.05
2068,random,1,0,0.989,0.05
2069,random,0,0,-0.014,0.05
2070,minimax,0,1,-0.011,0.05
2071,frozen,0,1,-0.013,0.05
2072,minimax,0,1,-0.003,0.05
2073,heuristic,1,1,0.997,0.05
2074,frozen,0,1,-0.006,0.05
2075,self,0,0,-0.011,0.05
2076,minimax,0,1,-0.006,0.05
2077,self,1,1,0.988,0.05
2078,heuristic,0,0,-0.005,0.05
2079,frozen,0,1,-0.011,0.05
2080,random,1,1,0.993,0.05
2081,random,1,0,0.993,0.05
2082,random,1,1,0.99,0.05
2083,frozen,1,0,0.99,0.05
2084,frozen,1,0,0.987,0.05
2085,self,1,1,0.992,0.05
2086,frozen,1,1,0.985,0.05
2087,random,0,0,-0.009,0.05
2088,minimax,0,0,-0.013,0.05
2089,minimax,0,0,-0.005,0.05
2090,random,1,0,0.99,0.05
2091,heuristic,1,1,0.997,0.05
2092,random,1,1,0.989,0.05
2093,self,1,0,0.984,0.05
2094,self,1,0,0.986,0.05
2095,frozen,0,1,-0.01,0.05
2096,self,1,1,0.986,0.05
2097,self,0,0,-0.011,0.05
2098,self,0,0,-0.014,0.05
2099,random,0,0,-0.011,0.05
2100,frozen,0,1,-0.014,0.05
2101,minimax,0,0,-0.002,0.05
2102,frozen,0,0,-0.015,0.05
2103,random,1,0,0.99,0.05
2104,random,1,0,0.992,0.05
2105,random,1,0,0.989,0.05
2106,minimax,0,0,-0.002,0.05
2107,frozen,0,0,-0.012,0.05
2108,heuristic,1,1,0.997,0.05
2109,random,1,0,0.987,0.05
2110,self,1,0,0.986,0.05
2111,self,0,0,-0.01,0.05
2112,self,1,1,0.987,0.05
2113,frozen,0,1,-0.017,0.05
2114,self,0,0,-0.011,0.05
2115,frozen,0,0,-0.013,0.05
2116,frozen,1,1,0.987,0.05
2117,minimax,0,0,-0.007,0.05
2118,frozen,0,0,-0.013,0.05
2119,random,1,0,0.992,0.05
2120,heuristic,0,1,-0.009,0.05
2121,frozen,0,0,-0.015,0.05
2122,frozen,1,1,0.99,0.05
2123,random,1,1,0.987,0.05
2124,frozen,1,0,0.989,0.05
2125,frozen,1,1,0.992,0.05
2126,self,0,0,-0.015,0.05
2127,frozen,0,0,-0.011,0.05
2128,heuristic,0,1,-0.004,0.05
2129,frozen,1,1,0.987,0.05
2130,frozen,0,1,-0.013,0.05
2131,self,0,0,-0.003,0.05
2132,frozen,0,1,-0.014,0.05
2133,self,1,0,0.987,0.05
2134,heuristic,0,0,-0.006,0.05
2135,heuristic,1,1,0.997,0.05
2136,self,1,0,0.985,0.05
2137,minimax,0,1,-0.009,0.05
2138,random,1,0,0.991,0.05
2139,frozen,1,0,0.985,0.05
2140,heuristic,1,1,0.997,0.05
2141,minimax,0,1,-0.014,0.05
2142,frozen,0,0,-0.013,0.05
2143,frozen,1,1,0.989,0.05
2144,heuristic,0,1,-0.01,0.05
2145,random,0,0,-0.013,0.05
2146,minimax,0,0,-0.002,0.05
2147,self,1,0,0.985,0.05
2148,minimax,0,0,-0.01,0.05
2149,minimax,0,1,-0.002,0.05
2150,self,1,1,0.992,0.05
2151,frozen,0,0,-0.011,0.05
2152,frozen,1,0,0.988,0.05
2153,frozen,1,1,0.986,0.05
2154,self,1,1,0.987,0.05
2155,frozen,1,0,0.986,0.05
2156,heuristic,0,1,-0.002,0.05
2157,self,1,1,0.991,0.05
2158,frozen,1,0,0.984,0.05
2159,self,0,0,-0.012,0.05
2160,self,0,1,-0.016,0.05
2161,self,0,1,-0.005,0.05
2162,self,1,0,0.99,0.05
2163,random,1,1,0.988,0.05
2164,frozen,1,0,0.987,0.05
2165,self,0,1,-0.017,0.05
2166,random,1,0,0.989,0.05
2167,frozen,1,0,0.984,0.05
2168,minimax,0,0,-0.009,0.05
2169,frozen,0,0,-0.015,0.05
2170,frozen,1,1,0.986,0.05
2171,heuristic,0,0,-0.002,0.05
2172,self,0,0,-0.014,0.05
2173,random,0,1,-0.009,0.05
2174,random,0,0,-0.012,0.05
2175,heuristic,0,1,-0.012,0.05
2176,frozen,0,1,-0.015,0.05
2177,self,1,1,0.986,0.05
2178,frozen,0,0,-0.013,0.05
2179,random,1,1,0.991,0.05
2180,minimax,0,1,-0.006,0.05
2181,frozen,0,0,-0.016,0.05
2182,minimax,0,0,-0.003,0.05
2183,frozen,0,0,-0.011,0.05
2184,minimax,0,1,-0.01,0.05
2185,minimax,0,0,-0.008,0.05
2186,frozen,0,0,-0.015,0.05
2187,self,0,0,-0.014,0.05
2188,frozen,0,1,-0.012,0.05
2189,self,1,1,0.986,0.05
2190,frozen,0,0,-0.015,0.05
2191,frozen,1,0,0.985,0.05
2192,minimax,0,0,-0.002,0.05
2193,frozen,1,0,0.989,0.05
2194,frozen,1,1,0.986,0.05
2195,minimax,0,1,-0.011,0.05
2196,self,1,1,0.987,0.05
2197,self,0,1,-0.013,0.05
2198,minimax,0,1,-0.007,0.05
2199,self,0,0,-0.013,0.05
2200,frozen,0,1,-0.011,0.05
2201,self,1,1,0.987,0.05
2202,heuristic,0,0,-0.004,0.05
2203,frozen,0,0,-0.008,0.05
2204,self,0,0,-0.013,0.05
2205,heuristic,0,1,-0.005,0.05
2206,frozen,0,1,-0.015,0.05
2207,self,1,1,0.994,0.05
2208,frozen,0,0,-0.015,0.05
2209,self,1,1,0.996,0.05
2210,random,1,0,0.987,0.05
2211,random,0,1,-0.011,0.05
2212,minimax,0,1,-0.005,0.05
2213,random,1,1,0.993,0.05
2214,frozen,1,0,0.989,0.05
2215,random,1,0,0.988,0.05
2216,random,0,0,-0.013,0.05
2217,frozen,1,1,0.988,0.05
2218,random,0,0,-0.013,0.05
2219,heuristic,0,1,-0.004,0.05
2220,self,1,0,0.985,0.05
2221,minimax,0,0,-0.002,0.05
2222,random,1,1,0.989,0.05
2223,frozen,1,0,0.987,0.05
2224,random,0,1,-0.011,0.05
2225,self,1,1,0.987,0.05
2226,frozen,1,0,0.987,0.05
2227,frozen,1,0,0.986,0.05
2228,frozen,1,0,0.985,0.05
2229,frozen,1,0,0.985,0.05
2230,frozen,0,1,-0.003,0.05
2231,heuristic,0,1,-0.01,0.05
2232,minimax,0,1,-0.008,0.05
2233,heuristic,0,1,-0.005,0.05
2234,frozen,0,0,-0.005,0.05
2235,random,1,1,0.987,0.05
2236,frozen,1,0,0.987,0.05
2237,random,1,0,0.99,0.05
2238,self,0,1,-0.016,0.05
2239,minimax,0,1,-0.007,0.05
2240,frozen,1,1,0.989,0.05
2241,self,1,0,0.985,0.05
2242,heuristic,0,1,-0.007,0.05
2243,self,0,0,-0.008,0.05
2244,minimax,0,0,-0.002,0.05
2245,minimax,0,1,-0.008,0.05
2246,frozen,1,0,0.995,0.05
2247,minimax,0,0,-0.01,0.05
2248,heuristic,1,1,0.997,0.05
2249,frozen,1,1,0.987,0.05
2250,random,1,0,0.994,0.05
2251,heuristic,0,0,-0.002,0.05
2252,minimax,0,0,-0.008,0.05
2253,frozen,0,0,-0.014,0.05
2254,frozen,1,1,0.989,0.05
2255,self,1,0,0.986,0.05
2256,frozen,0,0,-0.013,0.05
2257,frozen,0,0,-0.014,0.05
2258,frozen,1,0,0.988,0.05
2259,heuristic,0,1,-0.004,0.05
2260,frozen,1,1,0.989,0.05
2261,frozen,1,1,0.988,0.05
2262,self,0,1,-0.015,0.05
2263,frozen,0,1,-0.015,0.05
2264,random,1,0,0.994,0.05
2265,frozen,0,0,-0.006,0.05
2266,self,1,1,0.987,0.05
2267,frozen,1,1,0.987,0.05
2268,heuristic,0,1,-0.006,0.05
2269,self,1,1,0.985,0.05
2270,minimax,0,1,-0.001,0.05
2271,random,1,1,0.987,0.05
2272,heuristic,1,1,0.997,0.05
2273,random,0,0,-0.01,0.05
2274,frozen,1,0,0.992,0.05
2275,heuristic,0,1,-0.011,0.05
2276,frozen,1,1,0.988,0.05
2277,frozen,0,1,-0.008,0.05
2278,frozen,1,0,0.984,0.05
2279,minimax,0,0,-0.005,0.05
2280,heuristic,1,1,0.997,0.05
2281,heuristic,1,1,0.997,0.05
2282,minimax,0,1,-0.012,0.05
2283,minimax,0,1,-0.003,0.05
2284,frozen,0,1,-0.013,0.05
2285,random,1,0,0.99,0.05
2286,frozen,0,1,-0.014,0.05
2287,frozen,1,1,0.985,0.05
2288,minimax,0,1,-0.005,0.05
2289,minimax,0,0,-0.005,0.05
2290,frozen,0,1,-0.015,0.05
2291,minimax,1,0,0.987,0.05
2292,minimax,0,1,-0.004,0.05
2293,heuristic,0,0,-0.006,0.05
2294,frozen,0,0,-0.008,0.05
2295,random,0,0,-0.008,0.05
2296,minimax,0,1,-0.007,0.05
2297,random,1,1,0.989,0.05
2298,frozen,1,1,0.985,0.05
2299,heuristic,0,1,-0.005,0.05
2300,heuristic,0,1,-0.008,0.05
2301,self,0,0,-0.011,0.05
2302,self,0,0,-0.015,0.05
2303,frozen,0,1,-0.014,0.05
2304,minimax,0,1,-0.011,0.05
2305,minimax,0,1,-0.01,0.05
2306,frozen,0,0,-0.011,0.05
2307,frozen,0,0,-0.014,0.05
2308,random,1,0,0.988,0.05
2309,heuristic,0,1,-0.005,0.05
2310,self,1,1,0.987,0.05
2311,heuristic,1,1,0.997,0.05
2312,frozen,1,0,0.988,0.05
2313,random,0,1,-0.013,0.05
2314,frozen,0,0,-0.012,0.05
2315,minimax,0,1,-0.008,0.05
2316,minimax,0,0,-0.007,0.05
2317,self,0,0,-0.01,0.05
2318,heuristic,0,1,-0.003,0.05
2319,self,0,1,-0.015,0.05
2320,self,1,0,0.986,0.05
2321,frozen,0,0,-0.013,0.05
2322,minimax,0,1,-0.007,0.05
2323,self,0,1,-0.009,0.05
2324,frozen,1,1,0.984,0.05
2325,frozen,1,0,0.987,0.05
2326,random,1,0,0.99,0.05
2327,heuristic,0,0,-0.005,0.05
2328,heuristic,1,1,0.997,0.05
2329,frozen,1,1,0.987,0.05
2330,frozen,0,1,-0.014,0.05
2331,minimax,0,0,-0.001,0.05
2332,random,1,1,0.99,0.05
2333,self,0,1,-0.01,0.05
2334,minimax,0,0,-0.011,0.05
2335,self,0,0,-0.014,0.05
2336,frozen,0,1,-0.016,0.05
2337,random,0,0,-0.008,0.05
2338,minimax,0,0,-0.001,0.05
2339,frozen,1,1,0.99,0.05
2340,frozen,0,0,-0.013,0.05
2341,minimax,0,1,-0.013,0.05
2342,random,1,1,0.986,0.05
2343,frozen,0,1,-0.016,0.05
2344,self,1,0,0.992,0.05
2345,random,1,0,0.986,0.05
2346,random,1,0,0.988,0.05
2347,random,1,1,0.986,0.05
2348,heuristic,0,1,-0.006,0.05
2349,self,1,0,0.986,0.05
2350,frozen,1,0,0.986,0.05
2351,minimax,0,1,-0.004,0.05
2352,frozen,1,0,0.99,0.05
2353,minimax,0,0,-0.005,0.05
2354,heuristic,1,1,0.997,0.05
2355,heuristic,0,1,-0.005,0.05
2356,random,1,1,0.988,0.05
2357,frozen,0,0,-0.014,0.05
2358,random,1,0,0.99,0.05
2359,heuristic,0,1,-0.004,0.05
2360,random,1,0,0.985,0.05
2361,frozen,0,0,-0.015,0.05
2362,heuristic,1,1,0.997,0.05
2363,frozen,1,0,0.985,0.05
2364,self,0,1,-0.006,0.05
2365,frozen,0,1,-0.013,0.05
2366,random,1,0,0.988,0.05
2367,self,0,0,-0.013,0.05
2368,minimax,0,0,-0.006,0.05
2369,self,0,1,-0.01,0.05
2370,frozen,1,0,0.99,0.05
2371,frozen,1,0,0.985,0.05
2372,minimax,0,0,-0.006,0.05
2373,random,0,0,-0.014,0.05
2374,self,1,0,0.986,0.05
2375,self,0,0,-0.012,0.05
2376,self,1,0,0.994,0.05
2377,random,1,0,0.985,0.05
2378,heuristic,1,1,0.997,0.05
2379,frozen,1,1,0.989,0.05
2380,self,1,1,0.986,0.05
2381,self,0,0,-0.014,0.05
2382,frozen,0,0,-0.008,0.05
2383,frozen,0,1,-0.014,0.05
2384,frozen,0,0,-0.014,0.05
2385,random,0,0,-0.013,0.05
2386,frozen,0,0,-0.009,0.05
2387,frozen,0,1,-0.015,0.05
2388,minimax,0,0,-0.003,0.05
2389,heuristic,1,1,0.997,0.05
2390,minimax,0,0,-0.003,0.05
2391,frozen,1,0,0.995,0.05
2392,frozen,0,0,-0.013,0.05
2393,frozen,1,0,0.984,0.05
2394,frozen,1,0,0.987,0.05
2395,self,1,0,0.993,0.05
2396,self,0,0,-0.013,0.05
2397,random,1,0,0.988,0.05
2398,frozen,1,0,0.988,0.05
2399,random,1,0,0.99,0.05
2400,random,0,1,-0.009,0.05
2401,frozen,1,1,0.992,0.05
2402,random,1,0,0.987,0.05
2403,frozen,1,1,0.985,0.05
2404,self,0,0,-0.011,0.05
2405,heuristic,0,1,-0.011,0.05
2406,frozen,0,0,-0.011,0.05
2407,self,0,1,-0.014,0.05
2408,frozen,0,1,-0.013,0.05
2409,self,1,0,0.987,0.05
2410,self,1,1,0.985,0.05
2411,self,0,1,-0.009,0.05
2412,heuristic,0,0,-0.002,0.05
2413,minimax,0,0,-0.003,0.05
2414,minimax,0,0,-0.002,0.05
2415,frozen,1,0,0.985,0.05
2416,frozen,0,0,-0.014,0.05
2417,heuristic,1,1,0.997,0.05
2418,minimax,0,1,-0.014,0.05
2419,random,1,1,0.99,0.05
2420,frozen,0,1,-0.016,0.05
2421,minimax,0,0,-0.008,0.05
2422,heuristic,0,1,-0.005,0.05
2423,frozen,0,0,-0.016,0.05
2424,heuristic,0,1,-0.005,0.05
2425,minimax,0,1,-0.01,0.05
2426,heuristic,1,1,0.997,0.05
2427,self,0,1,-0.008,0.05
2428,minimax,0,1,-0.003,0.05
2429,random,1,1,0.993,0.05
2430,self,1,1,0.985,0.05
2431,self,1,0,0.985,0.05
2432,frozen,1,0,0.984,0.05
2433,frozen,0,0,-0.005,0.05
2434,self,0,0,-0.011,0.05
2435,heuristic,0,1,-0.003,0.05
2436,random,0,1,-0.009,0.05
2437,minimax,0,1,-0.009,0.05
2438,frozen,1,1,0.985,0.05
2439,frozen,1,0,0.986,0.05
2440,minimax,0,0,-0.011,0.05
2441,self,0,1,-0.007,0.05
2442,heuristic,1,1,0.997,0.05
2443,frozen,0,0,-0.01,0.05
2444,frozen,1,1,0.99,0.05
2445,self,0,0,-0.007,0.05
2446,heuristic,1,1,0.997,0.05
2447,frozen,0,1,-0.014,0.05
2448,frozen,0,1,-0.011,0.05
2449,frozen,0,0,-0.016,0.05
2450,frozen,1,1,0.988,0.05
2451,minimax,1,1,0.987,0.05
2452,frozen,0,1,-0.009,0.05
2453,heuristic,0,1,-0.007,0.05
2454,frozen,1,1,0.992,0.05
2455,self,1,1,0.985,0.05
2456,frozen,1,0,0.988,0.05
2457,self,0,0,-0.013,0.05
2458,self,0,1,-0.014,0.05
2459,frozen,0,1,-0.014,0.05
2460,frozen,0,0,-0.015,0.05
2461,heuristic,0,1,-0.01,0.05
2462,self,1,0,0.984,0.05
2463,frozen,1,1,0.991,0.05
2464,frozen,1,1,0.99,0.05
2465,minimax,0,1,-0.012,0.05
2466,random,0,0,-0.012,0.05
2467,minimax,0,0,-0.013,0.05
2468,frozen,0,1,-0.013,0.05
2469,frozen,0,0,-0.008,0.05
2470,frozen,0,0,-0.015,0.05
2471,self,0,1,-0.016,0.05
2472,self,1,0,0.984,0.05
2473,self,1,0,0.984,0.05
2474,minimax,0,1,-0.012,0.05
2475,self,0,0,-0.013,0.05
2476,self,0,0,-0.012,0.05
2477,random,0,0,-0.011,0.05
2478,random,1,1,0.987,0.05
2479,random,1,1,0.988,0.05
2480,self,0,1,-0.016,0.05
2481,self,0,1,-0.011,0.05
2482,random,1,1,0.992,0.05
2483,self,1,1,0.986,0.05
2484,random,0,0,-0.013,0.05
2485,frozen,0,1,-0.014,0.05
2486,frozen,1,1,0.987,0.05
2487,heuristic,1,1,0.997,0.05
2488,self,1,0,0.991,0.05
2489,self,1,0,0.989,0.05
2490,heuristic,0,0,-0.004,0.05
2491,minimax,0,1,-0.013,0.05
2492,frozen,1,0,0.987,0.05
2493,minimax,0,1,-0.01,0.05
2494,frozen,1,1,0.989,0.05
2495,minimax,0,1,-0.009,0.05
2496,heuristic,1,1,0.997,0.05
2497,frozen,0,0,-0.015,0.05
2498,minimax,0,1,-0.006,0.05
2499,heuristic,1,1,0.997,0.05
2500,heuristic,1,0,0.995,0.05
2501,minimax,0,1,-0.012,0.05
2502,frozen,1,0,0.989,0.05
2503,minimax,0,0,-0.008,0.05
2504,frozen,0,0,-0.01,0.05
2505,frozen,0,0,-0.011,0.05
2506,frozen,0,1,-0.014,0.05
2507,frozen,0,0,-0.015,0.05
2508,frozen,1,0,0.988,0.05
2509,random,1,0,0.99,0.05
2510,frozen,1,1,0.988,0.05
2511,self,0,0,-0.014,0.05
2512,frozen,0,0,-0.014,0.05
2513,minimax,0,0,-0.008,0.05
2514,frozen,0,1,-0.016,0.05
2515,frozen,1,1,0.989,0.05
2516,heuristic,1,1,0.997,0.05
2517,heuristic,0,1,-0.006,0.05
2518,frozen,0,1,-0.005,0.05
2519,frozen,1,1,0.991,0.05
2520,heuristic,0,1,-0.005,0.05
2521,random,1,0,0.987,0.05
2522,frozen,1,1,0.986,0.05
2523,heuristic,0,1,-0.006,0.05
2524,frozen,0,0,-0.007,0.05
2525,frozen,0,0,-0.014,0.05
2526,frozen,1,1,0.985,0.05
2527,random,1,1,0.99,0.05
2528,frozen,0,1,-0.014,0.05
2529,frozen,0,1,-0.014,0.05
2530,frozen,0,0,-0.016,0.05
2531,self,1,1,0.989,0.05
2532,frozen,0,1,-0.009,0.05
2533,heuristic,1,0,0.997,0.05
2534,frozen,1,1,0.995,0.05
2535,frozen,0,1,-0.013,0.05
2536,frozen,1,1,0.985,0.05
2537,frozen,1,0,0.988,0.05
2538,self,1,0,0.985,0.05
2539,frozen,0,0,-0.015,0.05
2540,random,1,0,0.988,0.05
2541,random,1,1,0.986,0.05
2542,frozen,0,0,-0.012,0.05
2543,random,1,1,0.99,0.05
2544,frozen,1,0,0.986,0.05
2545,frozen,1,0,0.992,0.05
2546,frozen,1,0,0.986,0.05
2547,heuristic,1,1,0.997,0.05
2548,frozen,1,1,0.988,0.05
2549,random,1,1,0.988,0.05
2550,frozen,0,0,-0.015,0.05
2551,self,0,0,-0.011,0.05
2552,minimax,0,1,-0.002,0.05
2553,minimax,0,0,-0.003,0.05
2554,self,0,0,-0.014,0.05
2555,minimax,0,0,-0.013,0.05
2556,frozen,1,1,0.988,0.05
2557,frozen,1,1,0.989,0.05
2558,minimax,0,1,-0.002,0.05
2559,minimax,0,0,-0.011,0.05
2560,frozen,0,1,-0.014,0.05
2561,frozen,1,1,0.985,0.05
2562,frozen,1,1,0.989,0.05
2563,minimax,0,1,-0.005,0.05
2564,heuristic,1,1,0.997,0.05
2565,random,0,0,-0.013,0.05
2566,frozen,0,0,-0.009,0.05
2567,random,0,0,-0.005,0.05
2568,frozen,0,1,-0.01,0.05
2569,self,0,0,-0.015,0.05
2570,heuristic,0,1,-0.003,0.05
2571,self,0,0,-0.014,0.05
2572,random,1,1,0.993,0.05
2573,self,0,0,-0.011,0.05
2574,minimax,0,1,-0.004,0.05
2575,frozen,1,1,0.985,0.05
2576,heuristic,0,1,-0.005,0.05
2577,frozen,1,0,0.986,0.05
2578,heuristic,0,1,-0.004,0.05
2579,frozen,1,1,0.988,0.05
2580,frozen,1,1,0.987,0.05
2581,minimax,0,0,-0.005,0.05
2582,frozen,1,1,0.986,0.05
2583,frozen,1,0,0.986,0.05
2584,minimax,0,1,-0.002,0.05
2585,minimax,0,1,-0.002,0.05
2586,frozen,1,1,0.994,0.05
2587,self,1,1,0.992,0.05
2588,frozen,1,1,0.986,0.05
2589,random,0,1,-0.016,0.05
2590,random,1,0,0.989,0.05
2591,frozen,1,1,0.985,0.05
2592,self,0,0,-0.014,0.05
2593,frozen,1,1,0.986,0.05
2594,frozen,1,0,0.991,0.05
2595,minimax,0,1,-0.008,0.05
2596,frozen,1,1,0.987,0.05
2597,frozen,0,1,-0.012,0.05
2598,frozen,0,0,-0.014,0.05
2599,frozen,0,1,-0.011,0.05
2600,self,1,1,0.991,0.05
2601,frozen,1,1,0.988,0.05
2602,frozen,0,0,-0.014,0.05
2603,frozen,0,0,-0.016,0.05
2604,frozen,1,1,0.986,0.05
2605,random,1,1,0.99,0.05
2606,random,1,1,0.996,0.05
2607,random,1,0,0.989,0.05
2608,self,0,1,-0.013,0.05
2609,heuristic,1,1,0.997,0.05
2610,frozen,0,0,-0.01,0.05
2611,heuristic,1,0,0.997,0.05
2612,minimax,0,1,-0.004,0.05
2613,minimax,0,1,-0.007,0.05
2614,frozen,1,0,0.996,0.05
2615,heuristic,0,1,-0.006,0.05
2616,frozen,1,1,0.987,0.05
2617,frozen,1,0,0.984,0.05
2618,self,0,1,-0.011,0.05
2619,self,0,0,-0.015,0.05
2620,random,1,1,0.988,0.05
2621,frozen,1,0,0.988,0.05
2622,random,0,0,-0.009,0.05
2623,heuristic,1,1,0.997,0.05
2624,minimax,0,0,-0.011,0.05
2625,self,0,1,-0.012,0.05
2626,heuristic,1,1,0.997,0.05
2627,frozen,1,0,0.985,0.05
2628,heuristic,1,1,0.997,0.05
2629,heuristic,1,1,0.997,0.05
2630,random,0,1,-0.012,0.05
2631,self,1,0,0.988,0.05
2632,frozen,0,0,-0.012,0.05
2633,minimax,0,1,-0.007,0.05
2634,frozen,1,0,0.985,0.05
2635,random,1,0,0.987,0.05
2636,frozen,0,0,-0.013,0.05
2637,frozen,0,1,-0.011,0.05
2638,frozen,1,0,0.985,0.05
2639,frozen,1,1,0.985,0.05
2640,frozen,0,0,-0.014,0.05
2641,heuristic,1,1,0.997,0.05
2642,frozen,1,0,0.995,0.05
2643,self,0,0,-0.008,0.05
2644,heuristic,0,1,-0.01,0.05
2645,frozen,0,0,-0.015,0.05
2646,frozen,1,1,0.987,0.05
2647,minimax,0,1,-0.004,0.05
2648,random,0,0,-0.008,0.05
2649,heuristic,0,1,-0.003,0.05
2650,frozen,1,0,0.991,0.05
2651,self,1,0,0.984,0.05
2652,heuristic,0,0,-0.009,0.05
2653,random,1,0,0.988,0.05
2654,self,0,1,-0.011,0.05
2655,self,0,0,-0.013,0.05
2656,frozen,1,1,0.989,0.05
2657,minimax,0,1,-0.013,0.05
2658,random,1,0,0.987,0.05
2659,minimax,0,1,-0.002,0.05
2660,random,1,1,0.987,0.05
2661,frozen,0,0,-0.004,0.05
2662,self,0,1,-0.01,0.05
2663,minimax,0,0,-0.003,0.05
2664,frozen,1,1,0.986,0.05
2665,random,0,1,-0.012,0.05
2666,self,1,0,0.99,0.05
2667,self,0,0,-0.016,0.05
2668,random,0,1,-0.011,0.05
2669,minimax,0,0,-0.007,0.05
2670,minimax,0,1,-0.001,0.05
2671,self,1,0,0.984,0.05
2672,frozen,1,0,0.984,0.05
2673,heuristic,0,1,-0.005,0.05
2674,random,1,1,0.988,0.05
2675,frozen,0,1,-0.017,0.05
2676,minimax,0,0,-0.002,0.05
2677,frozen,0,1,-0.008,0.05
2678,self,0,1,-0.01,0.05
2679,frozen,0,1,-0.015,0.05
2680,self,0,1,-0.013,0.05
2681,self,0,0,-0.013,0.05
2682,frozen,1,0,0.985,0.05
2683,frozen,0,1,-0.008,0.05
2684,heuristic,1,1,0.997,0.05
2685,self,1,0,0.988,0.05
2686,random,1,1,0.986,0.05
2687,self,0,0,-0.015,0.05
2688,frozen,1,1,0.987,0.05
2689,frozen,0,1,-0.012,0.05
2690,random,0,1,-0.014,0.05
2691,frozen,0,1,-0.015,0.05
2692,minimax,0,0,-0.006,0.05
2693,frozen,0,1,-0.015,0.05
2694,random,1,1,0.991,0.05
2695,minimax,0,0,-0.01,0.05
2696,self,1,1,0.986,0.05
2697,frozen,1,1,0.987,0.05
2698,frozen,0,0,-0.015,0.05
2699,random,1,0,0.991,0.05
2700,frozen,0,0,-0.016,0.05
2701,random,1,0,0.987,0.05
2702,frozen,0,0,-0.011,0.05
2703,minimax,0,0,-0.003,0.05
2704,self,0,0,-0.012,0.05
2705,heuristic,0,1,-0.01,0.05
2706,frozen,0,0,-0.007,0.05
2707,frozen,0,1,-0.015,0.05
2708,heuristic,0,1,-0.005,0.05
2709,minimax,0,0,-0.002,0.05
2710,heuristic,1,1,0.997,0.05
2711,frozen,1,1,0.986,0.05
2712,heuristic,1,0,0.997,0.05
2713,frozen,1,0,0.991,0.05
2714,heuristic,0,1,-0.005,0.05
2715,self,0,1,-0.012,0.05
2716,heuristic,1,1,0.997,0.05
2717,minimax,0,0,-0.012,0.05
2718,self,0,1,-0.013,0.05
2719,minimax,0,0,-0.001,0.05
2720,minimax,0,0,-0.001,0.05
2721,frozen,1,0,0.987,0.05
2722,self,0,0,-0.012,0.05
2723,heuristic,0,1,-0.003,0.05
2724,frozen,0,0,-0.01,0.05
2725,random,1,0,0.986,0.05
2726,heuristic,1,0,0.997,0.05
2727,random,0,1,-0.011,0.05
2728,heuristic,1,1,0.997,0.05
2729,random,1,0,0.988,0.05
2730,frozen,0,0,-0.01,0.05
2731,random,0,1,-0.014,0.05
2732,minimax,0,1,-0.009,0.05
2733,self,1,1,0.996,0.05
2734,frozen,1,1,0.986,0.05
2735,random,1,0,0.989,0.05
2736,random,1,0,0.99,0.05
2737,minimax,0,1,-0.006,0.05
2738,minimax,0,1,-0.009,0.05
2739,random,0,1,-0.011,0.05
2740,minimax,0,0,-0.008,0.05
2741,random,1,0,0.989,0.05
2742,minimax,0,0,-0.006,0.05
2743,frozen,1,1,0.989,0.05
2744,frozen,0,1,-0.015,0.05
2745,self,0,0,-0.012,0.05
2746,self,0,1,-0.013,0.05
2747,minimax,0,1,-0.007,0.05
2748,self,0,1,-0.014,0.05
2749,self,0,0,-0.003,0.05
2750,random,1,1,0.991,0.05
2751,heuristic,1,0,0.997,0.05
2752,minimax,0,1,-0.004,0.05
2753,heuristic,1,1,0.997,0.05
2754,self,0,0,-0.014,0.05
2755,frozen,0,1,-0.013,0.05
2756,heuristic,1,1,0.997,0.05
2757,random,0,1,-0.012,0.05
2758,frozen,0,1,-0.014,0.05
2759,random,1,0,0.992,0.05
2760,frozen,0,1,-0.013,0.05
2761,random,1,1,0.988,0.05
2762,random,1,0,0.991,0.05
2763,frozen,0,1,-0.011,0.05
2764,self,1,1,0.996,0.05
2765,self,0,0,-0.013,0.05
2766,frozen,1,0,0.992,0.05
2767,random,1,1,0.991,0.05
2768,minimax,0,1,-0.008,0.05
2769,self,1,0,0.986,0.05
2770,self,1,1,0.986,0.05
2771,self,1,1,0.985,0.05
2772,self,0,0,-0.014,0.05
2773,frozen,1,1,0.994,0.05
2774,heuristic,0,1,-0.002,0.05
2775,minimax,0,0,-0.004,0.05
2776,random,1,1,0.99,0.05
2777,minimax,0,0,-0.009,0.05
2778,frozen,1,0,0.987,0.05
2779,minimax,0,0,-0.003,0.05
2780,frozen,1,0,0.988,0.05
2781,minimax,0,0,-0.003,0.05
2782,self,0,0,-0.012,0.05
2783,frozen,1,0,0.989,0.05
2784,self,1,1,0.987,0.05
2785,frozen,1,1,0.991,0.05
2786,random,1,1,0.99,0.05
2787,self,0,0,-0.015,0.05
2788,minimax,0,0,-0.005,0.05
2789,self,0,0,-0.015,0.05
2790,frozen,0,1,-0.015,0.05
2791,self,1,1,0.992,0.05
2792,minimax,0,0,-0.002,0.05
2793,frozen,0,0,-0.009,0.05
2794,self,1,0,0.986,0.05
2795,minimax,0,0,-0.002,0.05
2796,frozen,1,1,0.985,0.05
2797,random,1,0,0.987,0.05
2798,self,0,1,-0.014,0.05
2799,heuristic,0,0,-0.006,0.05
2800,self,1,0,0.99,0.05
2801,self,0,1,-0.012,0.05
2802,frozen,0,1,-0.01,0.05
2803,heuristic,0,1,-0.009,0.05
2804,heuristic,0,1,-0.003,0.05
2805,heuristic,0,0,-0.003,0.05
2806,frozen,0,0,-0.009,0.05
2807,frozen,1,0,0.984,0.05
2808,frozen,1,1,0.987,0.05
2809,heuristic,0,1,-0.004,0.05
2810,self,1,1,0.99,0.05
2811,random,1,0,0.999,0.05
2812,frozen,1,1,0.987,0.05
2813,heuristic,0,1,-0.006,0.05
2814,frozen,0,1,-0.015,0.05
2815,self,0,0,-0.009,0.05
2816,self,1,1,0.988,0.05
2817,frozen,0,1,-0.012,0.05
2818,random,1,0,0.986,0.05
2819,frozen,1,1,0.988,0.05
2820,frozen,1,0,0.987,0.05
2821,frozen,1,1,0.985,0.05
2822,self,1,1,0.995,0.05
2823,self,0,1,-0.008,0.05
2824,minimax,0,0,-0.008,0.05
2825,frozen,1,0,0.985,0.05
2826,random,0,0,-0.011,0.05
2827,heuristic,1,1,0.997,0.05
2828,frozen,1,0,0.987,0.05
2829,random,0,1,-0.01,0.05
2830,minimax,0,1,-0.008,0.05
2831,heuristic,0,1,-0.008,0.05
2832,frozen,1,1,0.987,0.05
2833,random,0,0,-0.013,0.05
2834,self,1,0,0.99,0.05
2835,frozen,0,0,-0.01,0.05
2836,self,1,0,0.985,0.05
2837,frozen,1,1,0.988,0.05
2838,frozen,1,1,0.986,0.05
2839,frozen,1,0,0.987,0.05
2840,random,0,1,-0.013,0.05
2841,heuristic,1,1,0.997,0.05
2842,minimax,0,1,-0.009,0.05
2843,frozen,0,0,-0.013,0.05
2844,minimax,0,1,-0.005,0.05
2845,frozen,1,1,0.987,0.05
2846,self,0,0,-0.016,0.05
2847,self,1,0,0.985,0.05
2848,random,0,0,-0.01,0.05
2849,self,0,1,-0.016,0.05
2850,random,1,0,0.988,0.05
2851,self,0,0,-0.014,0.05
2852,minimax,0,1,-0.013,0.05
2853,random,0,0,-0.007,0.05
2854,random,0,1,-0.01,0.05
2855,self,1,1,0.996,0.05
2856,heuristic,0,1,-0.004,0.05
2857,frozen,0,0,-0.012,0.05
2858,heuristic,1,1,0.997,0.05
2859,frozen,1,0,0.986,0.05
2860,heuristic,0,1,-0.009,0.05
2861,heuristic,1,1,0.997,0.05
2862,self,0,1,-0.012,0.05
2863,frozen,1,1,0.986,0.05
2864,frozen,1,0,0.986,0.05
2865,heuristic,1,0,0.997,0.05
2866,random,0,1,-0.016,0.05
2867,self,1,0,0.988,0.05
2868,heuristic,0,1,-0.003,0.05
2869,random,1,1,0.993,0.05
2870,self,0,1,-0.015,0.05
2871,random,1,0,0.989,0.05
2872,random,0,0,-0.015,0.05
2873,self,0,0,-0.014,0.05
2874,minimax,0,0,-0.002,0.05
2875,minimax,0,0,-0.002,0.05
2876,self,0,0,-0.012,0.05
2877,frozen,1,0,0.985,0.05
2878,self,0,1,-0.011,0.05
2879,heuristic,1,1,0.997,0.05
2880,frozen,0,1,-0.016,0.05
2881,minimax,0,1,-0.004,0.05
2882,frozen,1,0,0.99,0.05
2883,heuristic,0,1,-0.007,0.05
2884,heuristic,0,0,-0.007,0.05
2885,self,0,0,-0.016,0.05
2886,minimax,0,1,-0.011,0.05
2887,self,1,0,0.985,0.05
2888,self,1,1,0.987,0.05
2889,random,1,1,0.99,0.05
2890,self,0,0,-0.013,0.05
2891,frozen,0,1,-0.014,0.05
2892,heuristic,1,1,0.997,0.05
2893,minimax,0,1,-0.006,0.05
2894,self,1,1,0.986,0.05
2895,random,0,1,-0.007,0.05
2896,frozen,1,0,0.984,0.05
2897,self,1,0,0.993,0.05
2898,frozen,0,0,-0.013,0.05
2899,heuristic,1,1,0.997,0.05
2900,frozen,1,1,0.986,0.05
2901,frozen,0,1,-0.014,0.05
2902,self,1,0,0.988,0.05
2903,heuristic,0,1,-0.004,0.05
2904,random,0,1,-0.004,0.05
2905,frozen,0,1,-0.014,0.05
2906,self,1,1,0.986,0.05
2907,random,1,0,0.991,0.05
2908,random,1,0,0.99,0.05
2909,minimax,0,0,-0.008,0.05
2910,frozen,1,0,0.988,0.05
2911,frozen,0,0,-0.005,0.05
2912,frozen,0,0,-0.005,0.05
2913,frozen,0,0,-0.01,0.05
2914,frozen,0,1,-0.013,0.05
2915,self,1,0,0.99,0.05
2916,random,1,1,0.99,0.05
2917,self,1,0,0.994,0.05
2918,self,1,0,0.986,0.05
2919,random,0,1,-0.014,0.05
2920,heuristic,0,1,-0.008,0.05
2921,minimax,0,0,-0.011,0.05
2922,frozen,0,0,-0.013,0.05
2923,self,0,0,-0.009,0.05
2924,random,1,0,0.987,0.05
2925,frozen,0,0,-0.015,0.05
2926,heuristic,0,1,-0.007,0.05
2927,frozen,1,1,0.986,0.05
2928,frozen,1,0,0.999,0.05
2929,frozen,1,0,0.999,0.05
2930,self,1,0,0.988,0.05
2931,minimax,0,0,-0.002,0.05
2932,frozen,1,0,0.999,0.05
2933,self,1,1,0.987,0.05
2934,minimax,0,0,-0.004,0.05
2935,minimax,0,1,-0.014,0.05
2936,frozen,1,0,0.987,0.05
2937,heuristic,1,1,0.997,0.05
2938,frozen,0,0,-0.011,0.05
2939,heuristic,0,1,-0.005,0.05
2940,self,1,0,0.993,0.05
2941,frozen,1,1,0.987,0.05
2942,frozen,0,0,-0.011,0.05
2943,self,1,0,0.986,0.05
2944,minimax,0,0,-0.01,0.05
2945,heuristic,1,1,0.997,0.05
2946,frozen,1,0,0.994,0.05
2947,frozen,1,1,0.989,0.05
2948,minimax,0,1,-0.007,0.05
2949,frozen,0,1,-0.014,0.05
2950,self,1,1,0.988,0.05
2951,frozen,1,0,0.986,0.05
2952,heuristic,0,1,-0.004,0.05
2953,random,1,0,0.987,0.05
2954,frozen,1,0,0.986,0.05
2955,frozen,0,1,-0.006,0.05
2956,frozen,1,1,0.997,0.05
2957,minimax,0,0,-0.003,0.05
2958,self,0,0,-0.001,0.05
2959,self,0,0,-0.001,0.05
2960,frozen,1,0,0.999,0.05
2961,frozen,1,0,0.999,0.05
2962,random,1,0,0.991,0.05
2963,minimax,0,1,-0.003,0.05
2964,self,1,1,0.988,0.05
2965,frozen,0,1,-0.012,0.05
2966,frozen,1,0,0.984,0.05
2967,minimax,0,0,-0.001,0.05
2968,frozen,1,1,0.986,0.05
2969,random,1,1,0.992,0.05
2970,frozen,1,0,0.989,0.05
2971,self,1,0,0.989,0.05
2972,random,1,0,0.991,0.05
2973,heuristic,0,0,-0.004,0.05
2974,self,1,0,0.989,0.05
2975,random,0,0,-0.012,0.05
2976,frozen,1,1,0.988,0.05
2977,self,0,1,-0.013,0.05
2978,self,1,1,0.996,0.05
2979,random,0,1,-0.01,0.05
2980,heuristic,1,1,0.997,0.05
2981,minimax,0,0,-0.01,0.05
2982,frozen,0,1,-0.012,0.05
2983,heuristic,0,1,-0.003,0.05
2984,heuristic,0,1,-0.007,0.05
2985,frozen,0,0,-0.013,0.05
2986,minimax,0,0,-0.001,0.05
2987,minimax,1,0,0.986,0.05
2988,frozen,1,0,0.991,0.05
2989,frozen,1,0,0.985,0.05
2990,heuristic,0,1,-0.011,0.05
2991,minimax,0,0,-0.009,0.05
2992,heuristic,1,1,0.997,0.05
2993,heuristic,0,0,-0.001,0.05
2994,heuristic,0,1,-0.002,0.05
2995,frozen,1,1,0.994,0.05
2996,heuristic,0,0,-0.001,0.05
2997,frozen,1,1,0.986,0.05
2998,minimax,0,0,-0.001,0.05
2999,frozen,0,0,-0.014,0.05
3000,frozen,0,0,-0.012,0.05
