episode,winner,reward_0,reward_1,epsilon_0,epsilon_1
1,1,-0.008,0.993,0.995,0.995
2,0,0.99,-0.01,0.990025,0.990025
3,0,0.988,-0.012,0.985075,0.985075
4,1,-0.011,0.99,0.98015,0.98015
5,0,0.992,-0.008,0.975249,0.975249
6,0,0.992,-0.008,0.970373,0.970373
7,1,-0.009,0.992,0.965521,0.965521
8,1,-0.014,0.987,0.960693,0.960693
9,0,0.989,-0.011,0.95589,0.95589
10,0,0.986,-0.014,0.95111,0.95111
11,0,0.991,-0.009,0.946355,0.946355
12,1,-0.008,0.993,0.941623,0.941623
13,0,0.99,-0.01,0.936915,0.936915
14,0,0.989,-0.011,0.93223,0.93223
15,0,0.992,-0.008,0.927569,0.927569
16,1,-0.011,0.99,0.922931,0.922931
17,0,0.995,-0.005,0.918316,0.918316
18,1,-0.014,0.987,0.913725,0.913725
19,1,-0.01,0.991,0.909156,0.909156
20,1,-0.012,0.989,0.90461,0.90461
21,0,0.988,-0.012,0.900087,0.900087
22,0,0.988,-0.012,0.895587,0.895587
23,0,0.988,-0.012,0.891109,0.891109
24,0,0.992,-0.008,0.886654,0.886654
25,1,-0.009,0.992,0.88222,0.88222
26,0,0.987,-0.013,0.877809,0.877809
27,1,-0.011,0.99,0.87342,0.87342
28,1,-0.006,0.995,0.869053,0.869053
29,0,0.986,-0.014,0.864708,0.864708
30,0,0.987,-0.013,0.860384,0.860384
31,0,0.988,-0.012,0.856082,0.856082
32,0,0.99,-0.01,0.851802,0.851802
33,0,0.985,-0.015,0.847543,0.847543
34,0,0.989,-0.011,0.843305,0.843305
35,1,-0.01,0.991,0.839089,0.839089
36,1,-0.012,0.989,0.834893,0.834893
37,0,0.991,-0.009,0.830719,0.830719
38,1,-0.012,0.989,0.826565,0.826565
39,0,0.989,-0.011,0.822432,0.822432
40,0,0.993,-0.007,0.81832,0.81832
41,1,-0.012,0.989,0.814229,0.814229
42,0,0.988,-0.012,0.810157,0.810157
43,0,0.987,-0.013,0.806107,0.806107
44,0,0.992,-0.008,0.802076,0.802076
45,1,-0.013,0.988,0.798066,0.798066
46,1,-0.014,0.987,0.794075,0.794075
47,1,-0.012,0.989,0.790105,0.790105
48,0,0.989,-0.011,0.786154,0.786154
49,1,-0.011,0.99,0.782224,0.782224
50,0,0.988,-0.012,0.778313,0.778313
51,0,0.991,-0.009,0.774421,0.774421
52,0,0.992,-0.008,0.770549,0.770549
53,0,0.988,-0.012,0.766696,0.766696
54,1,-0.01,0.991,0.762863,0.762863
55,0,0.989,-0.011,0.759048,0.759048
56,0,0.993,-0.007,0.755253,0.755253
57,0,0.992,-0.008,0.751477,0.751477
58,1,-0.011,0.99,0.747719,0.747719
59,1,-0.012,0.989,0.743981,0.743981
60,1,-0.012,0.989,0.740261,0.740261
61,0,0.99,-0.01,0.73656,0.73656
62,0,0.99,-0.01,0.732877,0.732877
63,1,-0.013,0.988,0.729212,0.729212
64,1,-0.012,0.989,0.725566,0.725566
65,0,0.988,-0.012,0.721939,0.721939
66,1,-0.011,0.99,0.718329,0.718329
67,0,0.99,-0.01,0.714737,0.714737
68,0,0.988,-0.012,0.711164,0.711164
69,0,0.986,-0.014,0.707608,0.707608
70,0,0.991,-0.009,0.70407,0.70407
71,1,-0.012,0.989,0.700549,0.700549
72,1,-0.012,0.989,0.697047,0.697047
73,1,-0.012,0.989,0.693561,0.693561
74,1,-0.012,0.989,0.690094,0.690094
75,1,-0.013,0.988,0.686643,0.686643
76,0,0.988,-0.012,0.68321,0.68321
77,0,0.994,-0.006,0.679794,0.679794
78,1,-0.008,0.993,0.676395,0.676395
79,1,-0.013,0.988,0.673013,0.673013
80,0,0.987,-0.013,0.669648,0.669648
81,1,-0.012,0.989,0.6663,0.6663
82,1,-0.015,0.986,0.662968,0.662968
83,0,0.986,-0.014,0.659653,0.659653
84,1,-0.013,0.988,0.656355,0.656355
85,0,0.989,-0.011,0.653073,0.653073
86,0,0.991,-0.009,0.649808,0.649808
87,0,0.991,-0.009,0.646559,0.646559
88,0,0.985,-0.015,0.643326,0.643326
89,1,-0.008,0.993,0.640109,0.640109
90,1,-0.011,0.99,0.636909,0.636909
91,1,-0.013,0.988,0.633724,0.633724
92,1,-0.013,0.988,0.630556,0.630556
93,0,0.987,-0.013,0.627403,0.627403
94,0,0.987,-0.013,0.624266,0.624266
95,1,-0.011,0.99,0.621145,0.621145
96,1,-0.014,0.987,0.618039,0.618039
97,0,0.987,-0.013,0.614949,0.614949
98,0,0.988,-0.012,0.611874,0.611874
99,0,0.988,-0.012,0.608815,0.608815
100,1,-0.013,0.988,0.60577,0.60577
101,0,0.996,-0.004,0.602742,0.602742
102,1,-0.016,0.985,0.599728,0.599728
103,0,0.987,-0.013,0.596729,0.596729
104,0,0.992,-0.008,0.593746,0.593746
105,1,-0.012,0.989,0.590777,0.590777
106,1,-0.014,0.987,0.587823,0.587823
107,1,-0.014,0.987,0.584884,0.584884
108,1,-0.009,0.992,0.581959,0.581959
109,0,0.988,-0.012,0.57905,0.57905
110,1,-0.007,0.994,0.576154,0.576154
111,0,0.989,-0.011,0.573274,0.573274
112,0,0.988,-0.012,0.570407,0.570407
113,0,0.987,-0.013,0.567555,0.567555
114,1,-0.01,0.991,0.564717,0.564717
115,1,-0.013,0.988,0.561894,0.561894
116,1,-0.008,0.993,0.559084,0.559084
117,1,-0.008,0.993,0.556289,0.556289
118,0,0.988,-0.012,0.553508,0.553508
119,1,-0.013,0.988,0.55074,0.55074
120,0,0.991,-0.009,0.547986,0.547986
121,0,0.989,-0.011,0.545246,0.545246
122,0,0.988,-0.012,0.54252,0.54252
123,1,-0.009,0.992,0.539808,0.539808
124,0,0.991,-0.009,0.537108,0.537108
125,0,0.989,-0.011,0.534423,0.534423
126,0,0.989,-0.011,0.531751,0.531751
127,0,0.989,-0.011,0.529092,0.529092
128,1,-0.012,0.989,0.526447,0.526447
129,1,-0.015,0.986,0.523814,0.523814
130,0,0.985,-0.015,0.521195,0.521195
131,0,0.986,-0.014,0.518589,0.518589
132,0,0.994,-0.006,0.515996,0.515996
133,0,0.986,-0.014,0.513416,0.513416
134,0,0.987,-0.013,0.510849,0.510849
135,0,0.989,-0.011,0.508295,0.508295
136,1,-0.016,0.985,0.505754,0.505754
137,1,-0.015,0.986,0.503225,0.503225
138,0,0.99,-0.01,0.500709,0.500709
139,0,0.991,-0.009,0.498205,0.498205
140,1,-0.007,0.994,0.495714,0.495714
141,0,0.99,-0.01,0.493236,0.493236
142,1,-0.015,0.986,0.490769,0.490769
143,0,0.995,-0.005,0.488316,0.488316
144,0,0.988,-0.012,0.485874,0.485874
145,0,0.992,-0.008,0.483445,0.483445
146,0,0.992,-0.008,0.481027,0.481027
147,1,-0.006,0.995,0.478622,0.478622
148,1,-0.014,0.987,0.476229,0.476229
149,0,0.993,-0.007,0.473848,0.473848
150,1,-0.013,0.988,0.471479,0.471479
151,0,0.987,-0.013,0.469121,0.469121
152,0,0.986,-0.014,0.466776,0.466776
153,1,-0.01,0.991,0.464442,0.464442
154,1,-0.015,0.986,0.46212,0.46212
155,0,0.994,-0.006,0.459809,0.459809
156,1,-0.015,0.986,0.45751,0.45751
157,0,0.991,-0.009,0.455222,0.455222
158,0,0.985,-0.015,0.452946,0.452946
159,1,-0.011,0.99,0.450682,0.450682
160,1,-0.011,0.99,0.448428,0.448428
161,0,0.985,-0.015,0.446186,0.446186
162,1,-0.011,0.99,0.443955,0.443955
163,0,0.99,-0.01,0.441735,0.441735
164,1,-0.016,0.985,0.439527,0.439527
165,0,0.989,-0.011,0.437329,0.437329
166,0,0.991,-0.009,0.435142,0.435142
167,0,0.989,-0.011,0.432967,0.432967
168,1,-0.01,0.991,0.430802,0.430802
169,0,0.987,-0.013,0.428648,0.428648
170,0,0.989,-0.011,0.426505,0.426505
171,1,-0.013,0.988,0.424372,0.424372
172,0,0.985,-0.015,0.42225,0.42225
173,0,0.989,-0.011,0.420139,0.420139
174,0,0.989,-0.011,0.418038,0.418038
175,0,0.987,-0.013,0.415948,0.415948
176,1,-0.016,0.985,0.413868,0.413868
177,1,-0.012,0.989,0.411799,0.411799
178,0,0.989,-0.011,0.40974,0.40974
179,0,0.987,-0.013,0.407691,0.407691
180,0,0.994,-0.006,0.405653,0.405653
181,1,-0.01,0.991,0.403625,0.403625
182,1,-0.015,0.986,0.401606,0.401606
183,0,0.992,-0.008,0.399598,0.399598
184,0,0.986,-0.014,0.3976,0.3976
185,0,0.992,-0.008,0.395612,0.395612
186,0,0.986,-0.014,0.393634,0.393634
187,1,-0.011,0.99,0.391666,0.391666
188,0,0.986,-0.014,0.389708,0.389708
189,0,0.984,-0.016,0.387759,0.387759
190,1,-0.009,0.992,0.385821,0.385821
191,0,0.991,-0.009,0.383891,0.383891
192,0,0.99,-0.01,0.381972,0.381972
193,0,0.99,-0.01,0.380062,0.380062
194,0,0.987,-0.013,0.378162,0.378162
195,1,-0.01,0.991,0.376271,0.376271
196,1,-0.014,0.987,0.37439,0.37439
197,1,-0.014,0.987,0.372518,0.372518
198,1,-0.012,0.989,0.370655,0.370655
199,1,-0.014,0.987,0.368802,0.368802
200,1,-0.013,0.988,0.366958,0.366958
201,0,0.986,-0.014,0.365123,0.365123
202,1,-0.014,0.987,0.363297,0.363297
203,1,-0.01,0.991,0.361481,0.361481
204,1,-0.009,0.992,0.359674,0.359674
205,1,-0.013,0.988,0.357875,0.357875
206,0,0.987,-0.013,0.356086,0.356086
207,0,0.988,-0.012,0.354305,0.354305
208,0,0.985,-0.015,0.352534,0.352534
209,1,-0.01,0.991,0.350771,0.350771
210,0,0.986,-0.014,0.349017,0.349017
211,0,0.987,-0.013,0.347272,0.347272
212,0,0.996,-0.004,0.345536,0.345536
213,1,-0.016,0.985,0.343808,0.343808
214,1,-0.011,0.99,0.342089,0.342089
215,1,-0.009,0.992,0.340379,0.340379
216,1,-0.016,0.985,0.338677,0.338677
217,0,0.988,-0.012,0.336983,0.336983
218,0,0.988,-0.012,0.335298,0.335298
219,1,-0.012,0.989,0.333622,0.333622
220,1,-0.016,0.985,0.331954,0.331954
221,1,-0.015,0.986,0.330294,0.330294
222,1,-0.016,0.985,0.328643,0.328643
223,1,-0.007,0.994,0.326999,0.326999
224,1,-0.017,0.984,0.325364,0.325364
225,1,-0.014,0.987,0.323738,0.323738
226,0,0.988,-0.012,0.322119,0.322119
227,1,-0.015,0.986,0.320508,0.320508
228,1,-0.015,0.986,0.318906,0.318906
229,0,0.986,-0.014,0.317311,0.317311
230,1,-0.014,0.987,0.315725,0.315725
231,1,-0.011,0.99,0.314146,0.314146
232,1,-0.015,0.986,0.312575,0.312575
233,0,0.986,-0.014,0.311012,0.311012
234,1,-0.01,0.991,0.309457,0.309457
235,1,-0.015,0.986,0.30791,0.30791
236,0,0.985,-0.015,0.306371,0.306371
237,1,-0.016,0.985,0.304839,0.304839
238,1,-0.008,0.993,0.303315,0.303315
239,0,0.995,-0.005,0.301798,0.301798
240,1,-0.012,0.989,0.300289,0.300289
241,0,0.984,-0.016,0.298788,0.298788
242,1,-0.015,0.986,0.297294,0.297294
243,0,0.984,-0.016,0.295807,0.295807
244,0,0.992,-0.008,0.294328,0.294328
245,0,0.985,-0.015,0.292856,0.292856
246,0,0.986,-0.014,0.291392,0.291392
247,0,0.984,-0.016,0.289935,0.289935
248,1,-0.009,0.992,0.288486,0.288486
249,1,-0.01,0.991,0.287043,0.287043
250,0,0.988,-0.012,0.285608,0.285608
251,0,0.987,-0.013,0.28418,0.28418
252,0,0.984,-0.016,0.282759,0.282759
253,1,-0.016,0.985,0.281345,0.281345
254,1,-0.015,0.986,0.279938,0.279938
255,0,0.989,-0.011,0.278539,0.278539
256,1,-0.016,0.985,0.277146,0.277146
257,1,-0.016,0.985,0.27576,0.27576
258,1,-0.006,0.995,0.274382,0.274382
259,1,-0.016,0.985,0.27301,0.27301
260,1,-0.011,0.99,0.271645,0.271645
261,0,0.988,-0.012,0.270286,0.270286
262,1,-0.012,0.989,0.268935,0.268935
263,0,0.993,-0.007,0.26759,0.26759
264,1,-0.01,0.991,0.266252,0.266252
265,1,-0.013,0.988,0.264921,0.264921
266,0,0.989,-0.011,0.263596,0.263596
267,1,-0.016,0.985,0.262278,0.262278
268,1,-0.011,0.99,0.260967,0.260967
269,1,-0.017,0.984,0.259662,0.259662
270,1,-0.015,0.986,0.258364,0.258364
271,1,-0.007,0.994,0.257072,0.257072
272,1,-0.01,0.991,0.255787,0.255787
273,1,-0.014,0.987,0.254508,0.254508
274,0,0.988,-0.012,0.253235,0.253235
275,1,-0.008,0.993,0.251969,0.251969
276,1,-0.006,0.995,0.250709,0.250709
277,1,-0.016,0.985,0.249456,0.249456
278,1,-0.011,0.99,0.248208,0.248208
279,1,-0.016,0.985,0.246967,0.246967
280,1,-0.014,0.987,0.245733,0.245733
281,1,-0.013,0.988,0.244504,0.244504
282,1,-0.016,0.985,0.243281,0.243281
283,1,-0.01,0.991,0.242065,0.242065
284,1,-0.015,0.986,0.240855,0.240855
285,1,-0.014,0.987,0.23965,0.23965
286,0,0.985,-0.015,0.238452,0.238452
287,0,0.989,-0.011,0.23726,0.23726
288,1,-0.016,0.985,0.236074,0.236074
289,0,0.999,-0.001,0.234893,0.234893
290,0,0.989,-0.011,0.233719,0.233719
291,1,-0.012,0.989,0.23255,0.23255
292,1,-0.009,0.992,0.231387,0.231387
293,0,0.988,-0.012,0.23023,0.23023
294,1,-0.009,0.992,0.229079,0.229079
295,1,-0.013,0.988,0.227934,0.227934
296,1,-0.014,0.987,0.226794,0.226794
297,1,-0.011,0.99,0.22566,0.22566
298,1,-0.014,0.987,0.224532,0.224532
299,0,0.984,-0.016,0.223409,0.223409
300,1,-0.013,0.988,0.222292,0.222292
301,1,-0.009,0.992,0.221181,0.221181
302,0,0.984,-0.016,0.220075,0.220075
303,1,-0.013,0.988,0.218974,0.218974
304,1,-0.016,0.985,0.21788,0.21788
305,1,-0.011,0.99,0.21679,0.21679
306,1,-0.01,0.991,0.215706,0.215706
307,1,-0.008,0.993,0.214628,0.214628
308,1,-0.012,0.989,0.213555,0.213555
309,0,0.993,-0.007,0.212487,0.212487
310,0,0.989,-0.011,0.211424,0.211424
311,0,0.984,-0.016,0.210367,0.210367
312,0,0.988,-0.012,0.209315,0.209315
313,1,-0.014,0.987,0.208269,0.208269
314,0,0.988,-0.012,0.207227,0.207227
315,0,0.99,-0.01,0.206191,0.206191
316,0,0.986,-0.014,0.20516,0.20516
317,0,0.986,-0.014,0.204135,0.204135
318,1,-0.012,0.989,0.203114,0.203114
319,0,0.985,-0.015,0.202098,0.202098
320,0,0.985,-0.015,0.201088,0.201088
321,0,0.99,-0.01,0.200082,0.200082
322,1,-0.01,0.991,0.199082,0.199082
323,1,-0.013,0.988,0.198087,0.198087
324,0,0.987,-0.013,0.197096,0.197096
325,0,0.988,-0.012,0.196111,0.196111
326,0,0.989,-0.011,0.19513,0.19513
327,1,-0.015,0.986,0.194154,0.194154
328,0,0.988,-0.012,0.193184,0.193184
329,0,0.986,-0.014,0.192218,0.192218
330,1,-0.014,0.987,0.191257,0.191257
331,0,0.988,-0.012,0.1903,0.1903
332,0,0.984,-0.016,0.189349,0.189349
333,0,0.985,-0.015,0.188402,0.188402
334,0,0.988,-0.012,0.18746,0.18746
335,1,-0.017,0.984,0.186523,0.186523
336,1,-0.012,0.989,0.18559,0.18559
337,1,-0.01,0.991,0.184662,0.184662
338,1,-0.011,0.99,0.183739,0.183739
339,1,-0.012,0.989,0.18282,0.18282
340,0,0.986,-0.014,0.181906,0.181906
341,1,-0.015,0.986,0.180997,0.180997
342,0,0.987,-0.013,0.180092,0.180092
343,0,0.988,-0.012,0.179191,0.179191
344,1,-0.011,0.99,0.178295,0.178295
345,1,-0.016,0.985,0.177404,0.177404
346,1,-0.016,0.985,0.176517,0.176517
347,0,0.989,-0.011,0.175634,0.175634
348,0,0.984,-0.016,0.174756,0.174756
349,1,-0.014,0.987,0.173882,0.173882
350,1,-0.013,0.988,0.173013,0.173013
351,0,0.989,-0.011,0.172148,0.172148
352,0,0.988,-0.012,0.171287,0.171287
353,1,-0.011,0.99,0.170431,0.170431
354,0,0.99,-0.01,0.169578,0.169578
355,0,0.984,-0.016,0.168731,0.168731
356,1,-0.01,0.991,0.167887,0.167887
357,0,0.988,-0.012,0.167047,0.167047
358,1,-0.016,0.985,0.166212,0.166212
359,0,0.985,-0.015,0.165381,0.165381
360,1,-0.012,0.989,0.164554,0.164554
361,1,-0.016,0.985,0.163731,0.163731
362,1,-0.01,0.991,0.162913,0.162913
363,0,0.986,-0.014,0.162098,0.162098
364,1,-0.016,0.985,0.161288,0.161288
365,1,-0.011,0.99,0.160481,0.160481
366,0,0.984,-0.016,0.159679,0.159679
367,0,0.986,-0.014,0.158881,0.158881
368,0,0.988,-0.012,0.158086,0.158086
369,0,0.989,-0.011,0.157296,0.157296
370,0,0.987,-0.013,0.156509,0.156509
371,1,-0.016,0.985,0.155727,0.155727
372,0,0.985,-0.015,0.154948,0.154948
373,0,0.984,-0.016,0.154173,0.154173
374,1,-0.016,0.985,0.153402,0.153402
375,1,-0.014,0.987,0.152635,0.152635
376,1,-0.017,0.984,0.151872,0.151872
377,0,0.988,-0.012,0.151113,0.151113
378,1,-0.009,0.992,0.150357,0.150357
379,1,-0.013,0.988,0.149606,0.149606
380,1,-0.015,0.986,0.148857,0.148857
381,1,-0.009,0.992,0.148113,0.148113
382,1,-0.014,0.987,0.147373,0.147373
383,1,-0.01,0.991,0.146636,0.146636
384,0,0.986,-0.014,0.145903,0.145903
385,0,0.986,-0.014,0.145173,0.145173
386,0,0.993,-0.007,0.144447,0.144447
387,1,-0.012,0.989,0.143725,0.143725
388,0,0.988,-0.012,0.143006,0.143006
389,1,-0.012,0.989,0.142291,0.142291
390,1,-0.013,0.988,0.14158,0.14158
391,1,-0.013,0.988,0.140872,0.140872
392,0,0.984,-0.016,0.140168,0.140168
393,0,0.988,-0.012,0.139467,0.139467
394,1,-0.014,0.987,0.138769,0.138769
395,1,-0.014,0.987,0.138076,0.138076
396,1,-0.017,0.984,0.137385,0.137385
397,1,-0.016,0.985,0.136698,0.136698
398,0,0.985,-0.015,0.136015,0.136015
399,1,-0.015,0.986,0.135335,0.135335
400,0,0.99,-0.01,0.134658,0.134658
401,0,0.988,-0.012,0.133985,0.133985
402,0,0.991,-0.009,0.133315,0.133315
403,1,-0.012,0.989,0.132648,0.132648
404,0,0.989,-0.011,0.131985,0.131985
405,1,-0.009,0.992,0.131325,0.131325
406,1,-0.014,0.987,0.130668,0.130668
407,0,0.984,-0.016,0.130015,0.130015
408,1,-0.01,0.991,0.129365,0.129365
409,1,-0.015,0.986,0.128718,0.128718
410,1,-0.006,0.995,0.128075,0.128075
411,1,-0.009,0.992,0.127434,0.127434
412,0,0.986,-0.014,0.126797,0.126797
413,1,-0.007,0.994,0.126163,0.126163
414,0,0.99,-0.01,0.125532,0.125532
415,1,-0.012,0.989,0.124905,0.124905
416,1,-0.016,0.985,0.12428,0.12428
417,0,0.989,-0.011,0.123659,0.123659
418,1,-0.014,0.987,0.12304,0.12304
419,0,0.999,-0.001,0.122425,0.122425
420,0,0.999,-0.001,0.121813,0.121813
421,1,-0.013,0.988,0.121204,0.121204
422,1,-0.016,0.985,0.120598,0.120598
423,1,-0.013,0.988,0.119995,0.119995
424,1,-0.013,0.988,0.119395,0.119395
425,0,0.987,-0.013,0.118798,0.118798
426,1,-0.017,0.984,0.118204,0.118204
427,1,-0.017,0.984,0.117613,0.117613
428,1,-0.017,0.984,0.117025,0.117025
429,0,0.984,-0.016,0.11644,0.11644
430,1,-0.014,0.987,0.115858,0.115858
431,1,-0.014,0.987,0.115278,0.115278
432,1,-0.014,0.987,0.114702,0.114702
433,1,-0.017,0.984,0.114128,0.114128
434,1,-0.013,0.988,0.113558,0.113558
435,1,-0.012,0.989,0.11299,0.11299
436,1,-0.008,0.993,0.112425,0.112425
437,0,0.984,-0.016,0.111863,0.111863
438,1,-0.013,0.988,0.111304,0.111304
439,1,-0.015,0.986,0.110747,0.110747
440,1,-0.011,0.99,0.110193,0.110193
441,0,0.988,-0.012,0.109642,0.109642
442,1,-0.014,0.987,0.109094,0.109094
443,1,-0.017,0.984,0.108549,0.108549
444,0,0.989,-0.011,0.108006,0.108006
445,0,0.988,-0.012,0.107466,0.107466
446,1,-0.013,0.988,0.106929,0.106929
447,1,-0.007,0.994,0.106394,0.106394
448,1,-0.016,0.985,0.105862,0.105862
449,1,-0.012,0.989,0.105333,0.105333
450,0,0.984,-0.016,0.104806,0.104806
451,1,-0.014,0.987,0.104282,0.104282
452,1,-0.011,0.99,0.103761,0.103761
453,1,-0.017,0.984,0.103242,0.103242
454,0,0.988,-0.012,0.102726,0.102726
455,0,0.99,-0.01,0.102212,0.102212
456,1,-0.017,0.984,0.101701,0.101701
457,1,-0.017,0.984,0.101192,0.101192
458,0,0.984,-0.016,0.100686,0.100686
459,0,0.989,-0.011,0.100183,0.100183
460,0,0.99,-0.01,0.099682,0.099682
461,1,-0.015,0.986,0.099184,0.099184
462,1,-0.011,0.99,0.098688,0.098688
463,0,0.989,-0.011,0.098194,0.098194
464,1,-0.01,0.991,0.097703,0.097703
465,1,-0.017,0.984,0.097215,0.097215
466,1,-0.016,0.985,0.096729,0.096729
467,0,0.988,-0.012,0.096245,0.096245
468,0,0.984,-0.016,0.095764,0.095764
469,1,-0.016,0.985,0.095285,0.095285
470,1,-0.013,0.988,0.094809,0.094809
471,0,0.987,-0.013,0.094335,0.094335
472,1,-0.011,0.99,0.093863,0.093863
473,1,-0.011,0.99,0.093394,0.093394
474,0,0.985,-0.015,0.092927,0.092927
475,1,-0.015,0.986,0.092462,0.092462
476,0,0.988,-0.012,0.092,0.092
477,0,0.992,-0.008,0.09154,0.09154
478,1,-0.013,0.988,0.091082,0.091082
479,0,0.995,-0.005,0.090627,0.090627
480,1,-0.016,0.985,0.090173,0.090173
481,1,-0.016,0.985,0.089723,0.089723
482,1,-0.015,0.986,0.089274,0.089274
483,1,-0.011,0.99,0.088828,0.088828
484,1,-0.016,0.985,0.088383,0.088383
485,0,0.988,-0.012,0.087942,0.087942
486,1,-0.008,0.993,0.087502,0.087502
487,1,-0.016,0.985,0.087064,0.087064
488,1,-0.015,0.986,0.086629,0.086629
489,1,-0.013,0.988,0.086196,0.086196
490,0,0.986,-0.014,0.085765,0.085765
491,0,0.986,-0.014,0.085336,0.085336
492,0,0.99,-0.01,0.084909,0.084909
493,1,-0.013,0.988,0.084485,0.084485
494,1,-0.012,0.989,0.084062,0.084062
495,1,-0.012,0.989,0.083642,0.083642
496,0,0.99,-0.01,0.083224,0.083224
497,0,0.984,-0.016,0.082808,0.082808
498,1,-0.017,0.984,0.082394,0.082394
499,1,-0.017,0.984,0.081982,0.081982
500,0,0.984,-0.016,0.081572,0.081572
501,1,-0.013,0.988,0.081164,0.081164
502,0,0.985,-0.015,0.080758,0.080758
503,1,-0.011,0.99,0.080354,0.080354
504,1,-0.008,0.993,0.079953,0.079953
505,0,0.984,-0.016,0.079553,0.079553
506,1,-0.017,0.984,0.079155,0.079155
507,1,-0.017,0.984,0.078759,0.078759
508,0,0.985,-0.015,0.078366,0.078366
509,1,-0.013,0.988,0.077974,0.077974
510,1,-0.014,0.987,0.077584,0.077584
511,0,0.99,-0.01,0.077196,0.077196
512,0,0.986,-0.014,0.07681,0.07681
513,1,-0.013,0.988,0.076426,0.076426
514,0,0.989,-0.011,0.076044,0.076044
515,1,-0.017,0.984,0.075664,0.075664
516,1,-0.01,0.991,0.075285,0.075285
517,1,-0.015,0.986,0.074909,0.074909
518,0,0.995,-0.005,0.074534,0.074534
519,0,0.986,-0.014,0.074162,0.074162
520,0,0.99,-0.01,0.073791,0.073791
521,1,-0.005,0.996,0.073422,0.073422
522,1,-0.017,0.984,0.073055,0.073055
523,1,-0.006,0.995,0.072689,0.072689
524,0,0.989,-0.011,0.072326,0.072326
525,1,-0.004,0.997,0.071964,0.071964
526,0,0.987,-0.013,0.071605,0.071605
527,1,-0.017,0.984,0.071247,0.071247
528,1,-0.011,0.99,0.07089,0.07089
529,1,-0.017,0.984,0.070536,0.070536
530,1,-0.01,0.991,0.070183,0.070183
531,1,-0.013,0.988,0.069832,0.069832
532,1,-0.017,0.984,0.069483,0.069483
533,0,0.988,-0.012,0.069136,0.069136
534,0,0.991,-0.009,0.06879,0.06879
535,0,0.985,-0.015,0.068446,0.068446
536,0,0.984,-0.016,0.068104,0.068104
537,1,-0.01,0.991,0.067763,0.067763
538,0,0.984,-0.016,0.067424,0.067424
539,1,-0.017,0.984,0.067087,0.067087
540,1,-0.016,0.985,0.066752,0.066752
541,1,-0.014,0.987,0.066418,0.066418
542,1,-0.016,0.985,0.066086,0.066086
543,0,0.985,-0.015,0.065756,0.065756
544,1,-0.015,0.986,0.065427,0.065427
545,1,-0.014,0.987,0.0651,0.0651
546,1,-0.017,0.984,0.064774,0.064774
547,1,-0.016,0.985,0.06445,0.06445
548,1,-0.016,0.985,0.064128,0.064128
549,0,0.984,-0.016,0.063807,0.063807
550,1,-0.017,0.984,0.063488,0.063488
551,0,0.985,-0.015,0.063171,0.063171
552,0,0.989,-0.011,0.062855,0.062855
553,1,-0.014,0.987,0.062541,0.062541
554,1,-0.016,0.985,0.062228,0.062228
555,0,0.989,-0.011,0.061917,0.061917
556,0,0.988,-0.012,0.061607,0.061607
557,0,0.99,-0.01,0.061299,0.061299
558,0,0.984,-0.016,0.060993,0.060993
559,1,-0.015,0.986,0.060688,0.060688
560,1,-0.016,0.985,0.060384,0.060384
561,1,-0.009,0.992,0.060083,0.060083
562,0,0.987,-0.013,0.059782,0.059782
563,1,-0.017,0.984,0.059483,0.059483
564,1,-0.016,0.985,0.059186,0.059186
565,1,-0.011,0.99,0.05889,0.05889
566,0,0.984,-0.016,0.058595,0.058595
567,0,0.984,-0.016,0.058302,0.058302
568,1,-0.017,0.984,0.058011,0.058011
569,0,0.984,-0.016,0.057721,0.057721
570,1,-0.015,0.986,0.057432,0.057432
571,1,-0.017,0.984,0.057145,0.057145
572,1,-0.009,0.992,0.056859,0.056859
573,1,-0.016,0.985,0.056575,0.056575
574,1,-0.013,0.988,0.056292,0.056292
575,1,-0.017,0.984,0.056011,0.056011
576,1,-0.008,0.993,0.055731,0.055731
577,1,-0.012,0.989,0.055452,0.055452
578,1,-0.012,0.989,0.055175,0.055175
579,0,0.989,-0.011,0.054899,0.054899
580,1,-0.017,0.984,0.054624,0.054624
581,1,-0.016,0.985,0.054351,0.054351
582,1,-0.017,0.984,0.05408,0.05408
583,0,0.985,-0.015,0.053809,0.053809
584,1,-0.012,0.989,0.05354,0.05354
585,1,-0.014,0.987,0.053272,0.053272
586,1,-0.012,0.989,0.053006,0.053006
587,0,0.985,-0.015,0.052741,0.052741
588,1,-0.009,0.992,0.052477,0.052477
589,0,0.986,-0.014,0.052215,0.052215
590,1,-0.013,0.988,0.051954,0.051954
591,1,-0.016,0.985,0.051694,0.051694
592,1,-0.017,0.984,0.051436,0.051436
593,1,-0.016,0.985,0.051178,0.051178
594,0,0.99,-0.01,0.050923,0.050923
595,1,-0.008,0.993,0.050668,0.050668
596,0,0.986,-0.014,0.050415,0.050415
597,0,0.984,-0.016,0.050163,0.050163
598,1,-0.014,0.987,0.05,0.05
599,1,-0.014,0.987,0.05,0.05
600,0,0.984,-0.016,0.05,0.05
